id,nombre,apellidos,email,telefono,sexo,direccion,ciudad,pais
1,Enoch,Parsand,eparsand0@rakuten.co.jp,555-435-7889,Male,12519 Artisan Parkway,Guanajuato,Mexico
2,Arabela,Cobello,acobello1@51.la,202-116-9551,Female,5766 Morning Drive,Washington,United States
3,Jolie,Pawelski,jpawelski2@utexas.edu,832-854-4435,Female,1 Marquette Junction,Heping,China
4,Stacie,Yandell,syandell3@bbb.org,465-416-5187,Female,525 Dexter Drive,Obita,Japan
5,Garold,MacShirrie,gmacshirrie4@surveymonkey.com,386-621-2639,Male,58 Lyons Street,Araguaiana,Brazil
6,Allie,Paulitschke,apaulitschke5@goo.gl,530-878-9297,Male,0 Declaration Place,Osiek,Poland
7,Lexie,Weatherhogg,lweatherhogg6@cornell.edu,630-221-6338,Female,8904 5th Center,L-Iklin,Malta
8,Gaylor,Ormesher,gormesher7@php.net,239-233-2780,Male,0 Florence Hill,Mary,Turkmenistan
9,Catlin,Boleyn,cboleyn8@vimeo.com,197-999-0732,Female,8919 Red Cloud Court,Brazzaville,Republic of the Congo
10,Ora,Artiss,oartiss9@spiegel.de,509-508-7608,Female,73219 Pond Terrace,Summerside,Canada
11,Edmon,Charnick,echarnicka@studiopress.com,261-141-2415,Male,077 2nd Terrace,Panxi,China
12,Bailey,Gleadle,bgleadleb@friendfeed.com,218-957-7164,Male,482 Forster Lane,Victoriaville,Canada
13,Gery,Ligoe,gligoec@vimeo.com,102-415-8961,Male,815 Maywood Point,Repentigny,Canada
14,Aubrie,Alentyev,aalentyevd@mozilla.com,860-508-5275,Female,7 Amoth Parkway,Pointe-à-Pitre,Guadeloupe
15,Kettie,Bardnam,kbardname@github.io,988-537-1190,Female,81 Daystar Circle,Amorim,Portugal
16,Catie,Liverseege,cliverseegef@oakley.com,744-878-6667,Female,3980 Milwaukee Junction,Västra Frölunda,Sweden
17,Farleigh,McCarty,fmccartyg@blogs.com,949-527-2617,Male,8 International Street,Jajaway,Indonesia
18,Wolfy,Murrells,wmurrellsh@imdb.com,717-625-4906,Male,031 Anthes Road,Boksitogorsk,Russia
19,Amalie,Heinzler,aheinzleri@prweb.com,214-846-1947,Female,4575 Eastlawn Court,Xiangang,China
20,Leeland,Dewsnap,ldewsnapj@xrea.com,841-586-6510,Male,2 Calypso Lane,Lillers,France
21,Vida,Bowling,vbowlingk@wisc.edu,931-106-7212,Female,75 Farwell Terrace,Pengbu,China
22,Traver,Pendergast,tpendergastl@europa.eu,824-773-4929,Male,3801 Corscot Hill,Deqing,China
23,Meridel,Truggian,mtruggianm@opensource.org,550-498-0333,Female,577 Hallows Court,Quận Sáu,Vietnam
24,Lucias,Brabon,lbrabonn@merriam-webster.com,762-166-0704,Male,30061 Myrtle Pass,Cipicung,Indonesia
25,Dar,Lyles,dlyleso@trellian.com,737-144-8857,Male,11487 Florence Alley,Spodnja Hajdina,Slovenia
26,Jody,Eliasen,jeliasenp@aol.com,350-276-8171,Male,43487 Comanche Avenue,Täby,Sweden
27,Emlynn,Craigie,ecraigieq@usgs.gov,638-505-0701,Female,7532 Gale Crossing,Nakuru,Kenya
28,Ealasaid,Jannasch,ejannaschr@va.gov,856-955-8390,Female,695 Pankratz Pass,Al Maşdūr,Tunisia
29,Darb,Brinsford,dbrinsfords@census.gov,407-836-6850,Female,9509 Anniversary Parkway,San Carlos,Philippines
30,Mathe,Yewman,myewmant@4shared.com,455-860-3445,Male,22 John Wall Junction,Astana,Kazakhstan
31,Zara,Rowlett,zrowlettu@techcrunch.com,514-895-1837,Female,876 Rigney Avenue,Marau,Brazil
32,Sutton,Aviss,savissv@google.es,113-739-6846,Male,547 Cambridge Avenue,Wangmeng,China
33,Gwyneth,Siddle,gsiddlew@sakura.ne.jp,412-294-5046,Female,65 Delladonna Hill,Balally,Ireland
34,Irita,Jagiello,ijagiellox@studiopress.com,657-143-4556,Female,66 Porter Center,Zhouzai,China
35,Simone,Kinlock,skinlocky@csmonitor.com,455-436-9032,Male,7 Riverside Plaza,Asíni,Greece
36,Ezri,Chappel,echappelz@sourceforge.net,702-309-9534,Male,09 Sycamore Trail,Magallanes,Philippines
37,Cris,Jendrusch,cjendrusch10@walmart.com,714-111-2886,Male,0 Fisk Road,Mladá Boleslav,Czech Republic
38,Dorthea,Tompkin,dtompkin11@chronoengine.com,411-365-1070,Female,0255 Lerdahl Plaza,Zhetang,China
39,Leisha,Fley,lfley12@wix.com,902-457-3570,Female,538 Dixon Crossing,Netanya,Israel
40,Adina,Chevalier,achevalier13@timesonline.co.uk,168-900-0353,Female,91088 Village Green Hill,Bulo,Philippines
41,Hayes,Crookshanks,hcrookshanks14@lycos.com,181-521-1568,Male,8832 Boyd Parkway,Mstsislaw,Belarus
42,Ralf,Lissandrini,rlissandrini15@state.tx.us,869-539-5589,Male,5728 Nevada Court,Taung,South Africa
43,Brennan,Van Der Walt,bvanderwalt16@yandex.ru,599-977-6494,Male,6 Bayside Plaza,Al Hijrah,Yemen
44,Alec,Rooke,arooke17@exblog.jp,712-572-2970,Male,3938 Norway Maple Terrace,Rio Claro,Brazil
45,Rossie,Nind,rnind18@mac.com,362-267-2513,Male,61222 Maywood Circle,Hongyuan,China
46,Libbey,Hacun,lhacun19@ezinearticles.com,950-123-5418,Female,2887 Gerald Pass,Gaopai,China
47,Raven,Kepling,rkepling1a@sourceforge.net,878-803-9511,Female,9198 Aberg Center,Cabanas,Portugal
48,Moyra,Rimes,mrimes1b@prnewswire.com,198-294-5851,Female,1 Spenser Drive,Trelleborg,Sweden
49,Mora,De Carolis,mdecarolis1c@mayoclinic.com,275-471-1480,Female,4 Veith Point,Buan,Philippines
50,Kevina,Ioselev,kioselev1d@posterous.com,788-901-9920,Female,80 Eastlawn Terrace,Boca de Parita,Panama
51,Mareah,Odda,modda1e@yolasite.com,423-779-4010,Female,224 Fairfield Place,Anserma,Colombia
52,Mic,Faux,mfaux1f@dmoz.org,354-237-8652,Male,61416 Golf View Circle,Distracción,Colombia
53,Hailey,Sanney,hsanney1g@livejournal.com,550-393-9370,Male,3987 Havey Junction,Zongluzui,China
54,Chrisy,Grint,cgrint1h@mtv.com,986-901-6394,Male,242 Loomis Street,Waajid,Somalia
55,Zeke,Gretton,zgretton1i@godaddy.com,868-353-0382,Male,90 Rockefeller Avenue,Villefranche-sur-Saône,France
56,Marketa,McGrowther,mmcgrowther1j@noaa.gov,491-245-8930,Female,71 Banding Terrace,Staryy Krym,Ukraine
57,Nevins,Kelley,nkelley1k@guardian.co.uk,607-986-5304,Male,1 Ridge Oak Park,Luzino,Poland
58,Tabor,Houliston,thouliston1l@upenn.edu,434-731-3458,Male,342 Summerview Parkway,Tonoas Municipal Building,Micronesia
59,Diego,Rozenbaum,drozenbaum1m@zdnet.com,915-189-4381,Male,67685 Pepper Wood Hill,Yancheng,China
60,Cly,Born,cborn1n@usa.gov,750-615-4674,Male,41419 Morning Park,Ejmiatsin,Armenia
61,Oralie,Bogays,obogays1o@facebook.com,322-712-3050,Female,55 Heffernan Circle,Changhan,Thailand
62,Shane,Horlick,shorlick1p@hp.com,910-628-3598,Female,810 Carpenter Street,Garko,Nigeria
63,Rudy,Johns,rjohns1q@cdbaby.com,949-527-8065,Male,1373 Elgar Junction,Stockholm,Sweden
64,Eric,Bamblett,ebamblett1r@desdev.cn,829-652-1345,Male,654 Fallview Street,Candijay,Philippines
65,Melinde,Jiranek,mjiranek1s@state.gov,278-762-4628,Female,06147 Monterey Plaza,Balas,Philippines
66,Dion,Fairlam,dfairlam1t@ocn.ne.jp,948-627-4543,Female,0472 American Parkway,Kaeng Khro,Thailand
67,Ugo,Gosnold,ugosnold1u@gov.uk,297-269-4663,Male,9 Gateway Hill,Calibishie,Dominica
68,Jose,Klinck,jklinck1v@netscape.com,111-968-6729,Male,98 Fisk Drive,Tsotsin-Yurt,Russia
69,Lorne,Lowerson,llowerson1w@usa.gov,360-935-2714,Female,06 Marcy Point,Dao,Philippines
70,Mordecai,Rizzillo,mrizzillo1x@mapy.cz,647-509-3294,Male,68384 Warner Point,Yangon,Myanmar
71,Elianora,Goulthorp,egoulthorp1y@chicagotribune.com,428-755-5244,Female,195 Melvin Center,Gaolong,China
72,Malva,Yurocjkin,myurocjkin1z@lulu.com,373-612-3512,Female,36 Kingsford Alley,Baisha,China
73,Bartholomeo,Bossom,bbossom20@virginia.edu,955-361-4283,Male,77702 Becker Terrace,Fujikawaguchiko,Japan
74,Gaspard,Crich,gcrich21@fotki.com,688-690-5564,Male,4913 Hovde Court,San Isidro,Philippines
75,Nert,Muldrew,nmuldrew22@nps.gov,768-705-7128,Female,228 Florence Court,Cabalawan,Philippines
76,Charil,Dufton,cdufton23@dion.ne.jp,570-163-4957,Female,43 Stuart Junction,Pervomayskiy,Russia
77,Dorry,Kilford,dkilford24@businessinsider.com,430-701-6060,Female,2 Mcguire Court,Novorozhdestvenskaya,Russia
78,Evania,Loy,eloy25@msn.com,247-278-4010,Female,779 Florence Circle,Wafang,China
79,Lothaire,Relfe,lrelfe26@wordpress.org,491-558-6146,Male,47009 Marquette Park,Pizarrete,Dominican Republic
80,Elena,De Lascy,edelascy27@usgs.gov,435-222-0180,Female,7 2nd Court,Puerto Plata,Dominican Republic
81,Igor,Thomason,ithomason28@cmu.edu,917-278-5835,Male,050 Mariners Cove Terrace,Kericho,Kenya
82,Friedrick,Gooch,fgooch29@walmart.com,115-648-3352,Male,17404 Hovde Road,Silca,Honduras
83,Cull,Sillick,csillick2a@ftc.gov,737-170-5037,Male,51390 Mallard Place,Kaset Sombun,Thailand
84,Bev,McCowan,bmccowan2b@devhub.com,722-335-2607,Male,1455 Vera Circle,Neresnytsya,Ukraine
85,Rhona,Itzkovici,ritzkovici2c@yahoo.co.jp,474-652-0549,Female,661 Dorton Junction,Xike,China
86,Tamarra,Margerrison,tmargerrison2d@gnu.org,461-383-4010,Female,0695 Bayside Junction,Zongzhai,China
87,Berke,Swyne,bswyne2e@fastcompany.com,965-314-5101,Male,3 Randy Lane,Uddevalla,Sweden
88,Marquita,Clingan,mclingan2f@discovery.com,378-687-0270,Female,6059 Fisk Avenue,Guotan,China
89,Dalis,Gannaway,dgannaway2g@arstechnica.com,230-246-9967,Male,1 Fuller Court,Gulou,China
90,Sigfried,Hampshaw,shampshaw2h@wsj.com,212-728-6385,Male,74100 Mendota Park,New York City,United States
91,Zenia,Vellden,zvellden2i@admin.ch,588-245-5052,Female,8682 Nova Pass,Panyingkiran,Indonesia
92,Rosanna,Sloam,rsloam2j@pcworld.com,100-513-3233,Female,474 Thackeray Terrace,Chambray-lès-Tours,France
93,Morena,Laraway,mlaraway2k@samsung.com,285-185-8188,Female,6 North Junction,Baliuag Nuevo,Philippines
94,Ursola,Cunnington,ucunnington2l@google.com.au,448-702-2184,Female,8498 Marquette Lane,Nürnberg,Germany
95,Skell,Giannotti,sgiannotti2m@addthis.com,384-990-5048,Male,40 Portage Park,Kalilangan,Philippines
96,Ursulina,Kondratowicz,ukondratowicz2n@pagesperso-orange.fr,598-822-4215,Female,82468 Fairview Alley,Tambaksari,Indonesia
97,Annelise,Dellow,adellow2o@reverbnation.com,571-601-2289,Female,7556 Harper Place,Pantin,France
98,Astra,Kidgell,akidgell2p@npr.org,904-516-3187,Female,280 Jackson Lane,Toutuo,China
99,Andriana,Drinkel,adrinkel2q@flickr.com,729-619-8527,Female,418 Fremont Avenue,Bariri,Brazil
100,Donna,Duro,dduro2r@sakura.ne.jp,101-595-1387,Female,0 Spenser Street,Norrköping,Sweden
101,Elden,Prazor,eprazor2s@netvibes.com,885-302-5574,Male,0417 American Parkway,Limoeiro,Brazil
102,Del,Beadnall,dbeadnall2t@csmonitor.com,525-955-7808,Male,957 Ridge Oak Hill,Itabirito,Brazil
103,Cleve,Lardeur,clardeur2u@theglobeandmail.com,853-226-8026,Male,170 Thompson Point,Billdal,Sweden
104,Augy,Jevons,ajevons2v@dagondesign.com,769-908-8890,Male,3288 Esch Drive,Hikone,Japan
105,Shea,Wyleman,swyleman2w@soundcloud.com,678-707-9682,Female,55 Birchwood Hill,Tvarožná,Czech Republic
106,Demeter,Fortescue,dfortescue2x@prnewswire.com,394-272-8311,Female,570 Red Cloud Drive,Legok,Indonesia
107,Doralynn,Venour,dvenour2y@dailymail.co.uk,729-184-3890,Female,26 Canary Point,San Vicente,Philippines
108,Denna,Causbey,dcausbey2z@example.com,535-877-1057,Female,9 Annamark Lane,Donghuang,China
109,Bibbye,Flynn,bflynn30@angelfire.com,103-430-7872,Female,9775 Loomis Court,Jiuxian,China
110,Gonzales,O'Curneen,gocurneen31@mtv.com,826-916-8515,Male,55758 Sutteridge Parkway,Kedung,Indonesia
111,Chrystel,Daintry,cdaintry32@house.gov,256-506-9159,Female,5916 Prentice Avenue,Simeykyne,Ukraine
112,Ajay,Lindwasser,alindwasser33@netvibes.com,968-795-3072,Female,6305 Forest Dale Point,Vereya,Russia
113,Marylynne,Coultas,mcoultas34@un.org,780-514-3985,Female,81 Vidon Center,Koran,Bosnia and Herzegovina
114,Juliana,Wessel,jwessel35@bing.com,757-455-5721,Female,86 Nevada Road,Tianyu,China
115,Emelen,Fegan,efegan36@flickr.com,487-702-5718,Male,6 Gale Crossing,Ilihan,Philippines
116,Leroy,Matura,lmatura37@wunderground.com,479-372-6505,Male,749 Carey Road,Planaltina,Brazil
117,Francene,Fernley,ffernley38@plala.or.jp,266-927-1873,Female,991 Starling Pass,São Marcos,Brazil
118,Neddy,McCloughlin,nmccloughlin39@1688.com,854-557-3724,Male,43072 Delladonna Circle,Kakan,Indonesia
119,Susanetta,Rossant,srossant3a@multiply.com,271-604-5540,Female,10 Harbort Hill,Dihtyari,Ukraine
120,Sigvard,Reeder,sreeder3b@twitter.com,449-908-0244,Male,02015 Vermont Crossing,Governador Valadares,Brazil
121,Gabrielle,de Grey,gdegrey3c@cargocollective.com,308-718-5776,Female,9 Crescent Oaks Trail,Černošín,Czech Republic
122,Riobard,Castell,rcastell3d@networksolutions.com,449-950-9045,Male,286 Clarendon Hill,Andongwei,China
123,Tarra,Fawdery,tfawdery3e@gov.uk,148-275-4810,Female,41147 Mallory Place,Hennenman,South Africa
124,Violet,Tremonte,vtremonte3f@google.com.br,531-696-2570,Female,1 Mayfield Park,Chybie,Poland
125,Elbertine,Harriagn,eharriagn3g@hp.com,196-329-7359,Female,2 Dovetail Trail,Vinhas,Portugal
126,Quinlan,Challiner,qchalliner3h@tmall.com,589-714-0016,Male,34004 Shasta Circle,Amor,Portugal
127,Ibbie,Gashion,igashion3i@washingtonpost.com,945-879-3509,Female,84446 Derek Drive,Raniżów,Poland
128,Lindsay,Westfalen,lwestfalen3j@addtoany.com,203-131-3793,Male,74960 Marcy Road,Taiyuan,China
129,Shawn,Boutell,sboutell3k@nih.gov,384-696-0470,Male,715 Jenna Avenue,Dukay,Philippines
130,Marlee,Igoe,migoe3l@bbb.org,332-480-2461,Female,67072 Vahlen Circle,Khadyzhensk,Russia
131,Valentine,Fumagall,vfumagall3m@wisc.edu,996-674-6227,Male,23 Grayhawk Avenue,Pakemitan,Indonesia
132,Shawna,Sabbin,ssabbin3n@163.com,184-385-4134,Female,2 Canary Place,Artashat,Armenia
133,Zak,Groll,zgroll3o@dot.gov,292-378-7559,Male,328 Old Shore Hill,Manggu,Indonesia
134,Cory,Fritche,cfritche3p@gnu.org,740-646-3196,Male,3467 Waywood Circle,Le Hochet,Mauritius
135,Elliot,Isaksson,eisaksson3q@census.gov,720-657-9795,Male,14 Victoria Crossing,Bergen,Norway
136,Gavan,Coulton,gcoulton3r@bizjournals.com,486-450-8279,Male,03 Corscot Point,Chão,Portugal
137,Colleen,Salasar,csalasar3s@spiegel.de,535-622-0664,Female,65 Vermont Circle,Santo Domingo,Nicaragua
138,Base,Iannuzzelli,biannuzzelli3t@sun.com,854-399-9657,Male,68 Hooker Alley,Demyansk,Russia
139,Roby,Simoneton,rsimoneton3u@hatena.ne.jp,634-227-4317,Female,92 Meadow Vale Trail,Johor Bahru,Malaysia
140,Rorke,Thurske,rthurske3v@adobe.com,536-123-3989,Male,195 Esker Trail,Poitiers,France
141,Genevra,Gantley,ggantley3w@delicious.com,818-113-6852,Female,29 Sommers Point,Bendan,Indonesia
142,Tait,Vasishchev,tvasishchev3x@nature.com,147-995-0977,Male,21 Kim Terrace,Muli,China
143,Lesly,Swigg,lswigg3y@tripadvisor.com,667-981-9888,Female,92743 Becker Way,Modřice,Czech Republic
144,Eydie,Cornwall,ecornwall3z@mit.edu,726-515-4021,Female,622 Caliangt Court,Bayan Qagan,China
145,Aharon,Sansom,asansom40@yelp.com,770-982-6178,Male,6535 Bellgrove Point,Tierra y Libertad,Mexico
146,Gail,Allom,gallom41@quantcast.com,723-732-5219,Female,92 Pepper Wood Road,Sŭedinenie,Bulgaria
147,Brook,Behagg,bbehagg42@cafepress.com,418-128-1291,Female,2982 Sachtjen Parkway,Lewolere,Indonesia
148,Evangelin,Duggon,eduggon43@samsung.com,797-360-6768,Female,4274 Gina Circle,Xinshichang,China
149,Agnes,Barensen,abarensen44@vistaprint.com,891-598-6858,Female,116 Bay Circle,Ciulu,Indonesia
150,Jonie,Evreux,jevreux45@sohu.com,919-488-1951,Female,5269 John Wall Street,Thị Trấn Tủa Chùa,Vietnam
151,Farleigh,Risom,frisom46@printfriendly.com,179-170-0285,Male,22675 Killdeer Junction,Morgados,Portugal
152,Karlotte,Pigny,kpigny47@clickbank.net,180-440-2888,Female,70973 Butternut Plaza,Kusheriki,Nigeria
153,Justino,Larway,jlarway48@vk.com,889-427-9510,Male,442 Thompson Avenue,Kāleke Mandi,Pakistan
154,Esdras,Delgua,edelgua49@youtube.com,726-925-1443,Male,2067 Northport Place,Kraljevo,Serbia
155,Lydia,Scamerdine,lscamerdine4a@jimdo.com,953-784-9943,Female,76 Doe Crossing Circle,São Miguel,Portugal
156,Othilia,Boggis,oboggis4b@samsung.com,141-554-8890,Female,36845 Cherokee Drive,Kälviä,Finland
157,Blake,Godfery,bgodfery4c@intel.com,795-387-2080,Female,5 Arapahoe Pass,San Rafael,Philippines
158,Barnaby,Carbin,bcarbin4d@jigsy.com,302-787-0315,Male,704 Knutson Circle,Gandara,Philippines
159,Maggi,Barenski,mbarenski4e@csmonitor.com,579-451-4752,Female,123 Coolidge Way,Semboropasar,Indonesia
160,Winifield,Woodward,wwoodward4f@geocities.jp,750-174-1174,Male,89 Artisan Plaza,Buenos Aires,Colombia
161,Alessandra,Blunt,ablunt4g@psu.edu,621-879-5528,Female,08411 Laurel Pass,Milove,Ukraine
162,Modesta,Nudde,mnudde4h@howstuffworks.com,364-375-5673,Female,1011 Shelley Parkway,Panyam,Nigeria
163,Elke,Jurek,ejurek4i@google.fr,579-984-8032,Female,7625 Manitowish Parkway,London,Canada
164,Vannie,Tevlin,vtevlin4j@foxnews.com,868-818-1266,Female,53 Everett Crossing,Estancia,Philippines
165,Krystyna,Ugolotti,kugolotti4k@mashable.com,597-766-4686,Female,08 Paget Crossing,Norrköping,Sweden
166,Ivie,Axell,iaxell4l@prweb.com,385-412-5413,Female,228 Stoughton Lane,Odivelas,Portugal
167,Ernst,Wegman,ewegman4m@prweb.com,588-507-2512,Male,167 Bayside Way,Zhulebino,Russia
168,Florencia,Epine,fepine4n@toplist.cz,788-852-7369,Female,189 Buena Vista Terrace,Saint-Rémy-de-Provence,France
169,Chaim,Zarfat,czarfat4o@ucoz.ru,693-608-5247,Male,6649 Pennsylvania Court,Aksu,Kazakhstan
170,Sandye,Riccardo,sriccardo4p@fc2.com,789-855-2927,Female,831 Chinook Park,Hai’an,China
171,Carolina,Glassford,cglassford4q@technorati.com,384-253-7244,Female,44 Laurel Drive,Rashaant,Mongolia
172,Amabelle,Coling,acoling4r@cocolog-nifty.com,361-345-8292,Female,778 Butternut Street,Lālmohan,Bangladesh
173,Rob,Huckabe,rhuckabe4s@reference.com,110-825-8796,Male,3360 Fairfield Terrace,Pregradnaya,Russia
174,Dorelia,MacKonochie,dmackonochie4t@netlog.com,769-456-4548,Female,97 Sullivan Center,Ystad,Sweden
175,Matti,Monelli,mmonelli4u@arstechnica.com,874-726-8523,Female,86454 Larry Trail,Ronggo,Indonesia
176,Sauveur,Pescod,spescod4v@spiegel.de,993-887-3561,Male,26 Ronald Regan Plaza,Landivisiau,France
177,Jose,Misson,jmisson4w@discuz.net,779-286-0677,Male,26300 Hanover Place,Recife,Brazil
178,Jeddy,Nestoruk,jnestoruk4x@china.com.cn,261-214-2550,Male,5 Roth Lane,Gornje Živinice,Bosnia and Herzegovina
179,Joyous,Jurczyk,jjurczyk4y@walmart.com,407-321-2277,Female,33777 Riverside Junction,Morshansk,Russia
180,Sybilla,Mattys,smattys4z@wufoo.com,661-432-4884,Female,8027 Gateway Parkway,Kimaam,Indonesia
181,Roxanne,Norcross,rnorcross50@pinterest.com,192-180-5174,Female,5 Longview Parkway,Piggs Peak,Swaziland
182,Shurwood,Perkinson,sperkinson51@state.tx.us,191-660-4576,Male,0 Grayhawk Plaza,Blon’,Belarus
183,Rolph,Yong,ryong52@freewebs.com,750-866-4236,Male,3 Bayside Trail,Perpignan,France
184,Lane,Ikringill,likringill53@dell.com,203-226-8131,Female,3436 Killdeer Park,K’ulashi,Georgia
185,Forest,Segrave,fsegrave54@businesswire.com,988-615-0554,Male,9826 Thierer Parkway,Železný Brod,Czech Republic
186,Blinnie,Yalden,byalden55@flickr.com,413-539-1306,Female,8567 Morningstar Place,Haolibao,China
187,Reyna,Orfeur,rorfeur56@ihg.com,779-318-5996,Female,5798 Fordem Crossing,Porto Seguro,Brazil
188,Antonietta,Goodsir,agoodsir57@dion.ne.jp,350-194-7619,Female,959 Lake View Place,Rtishchevo,Russia
189,Christin,Menicomb,cmenicomb58@theatlantic.com,313-550-3986,Female,3 Jana Place,Reforma,Mexico
190,Felecia,Van der Mark,fvandermark59@cloudflare.com,604-213-8347,Female,16 Pond Avenue,Biao,Philippines
191,Umeko,Okenden,uokenden5a@aol.com,136-143-3827,Female,7 Hoffman Parkway,Mê Linh,Vietnam
192,Aggy,Sissland,asissland5b@chicagotribune.com,598-734-1596,Female,86 Nevada Lane,Kupavna,Russia
193,Aeriela,Ahrens,aahrens5c@people.com.cn,330-623-1990,Female,5 Prentice Alley,Boende,Democratic Republic of the Congo
194,Felizio,Stirman,fstirman5d@earthlink.net,795-570-0902,Male,816 Sage Park,Pindamonhangaba,Brazil
195,Victor,Maddy,vmaddy5e@washington.edu,877-732-3542,Male,213 Lawn Trail,Sapadun,Philippines
196,Frank,Basindale,fbasindale5f@miitbeian.gov.cn,230-243-4613,Male,84 Bashford Road,Kryevidh,Albania
197,Omero,Maywood,omaywood5g@mapquest.com,544-343-9048,Male,28093 Spohn Point,Palmas,Brazil
198,Edy,Ovitz,eovitz5h@prnewswire.com,410-164-5523,Female,05 Helena Plaza,Xiacang,China
199,Dud,Mowsdale,dmowsdale5i@independent.co.uk,782-526-3115,Male,7 Mifflin Road,Milaor,Philippines
200,Fredericka,Brazear,fbrazear5j@godaddy.com,509-766-4837,Female,77 Buhler Street,Oenaik,Indonesia
201,Avrit,Backson,abackson5k@hatena.ne.jp,715-202-2569,Female,1 Stuart Pass,Quilmaná,Peru
202,Lelia,Paxeford,lpaxeford5l@illinois.edu,201-772-9954,Female,2 Kensington Way,Bayshint,Mongolia
203,Jocelin,Robak,jrobak5m@telegraph.co.uk,277-436-5195,Female,00258 Vermont Lane,Živinice,Bosnia and Herzegovina
204,Melosa,Goldspink,mgoldspink5n@nytimes.com,464-991-8911,Female,7 Sloan Way,Qiulu,China
205,Morry,Steffan,msteffan5o@ebay.co.uk,267-453-1125,Male,330 Anniversary Alley,Curuggoong,Indonesia
206,Christin,Rops,crops5p@mlb.com,953-873-8275,Female,105 Westport Trail,Arcos de Valdevez,Portugal
207,Yard,Nathon,ynathon5q@diigo.com,489-308-8609,Male,820 Mayfield Drive,Burgos,Philippines
208,Burnaby,Kingswoode,bkingswoode5r@lulu.com,718-321-9774,Male,69947 Twin Pines Road,Nepeña,Peru
209,Casie,Woolway,cwoolway5s@quantcast.com,455-367-0773,Female,03345 Kings Drive,Yongtai,China
210,Cherye,Kingzett,ckingzett5t@hao123.com,747-611-7683,Female,5 Barby Junction,Mislak,Indonesia
211,Giffie,Beverstock,gbeverstock5u@tripod.com,681-283-3683,Male,862 Packers Street,Taoyuan,China
212,Loree,Sewart,lsewart5v@biblegateway.com,854-966-7462,Female,3 Valley Edge Circle,Ipoh,Malaysia
213,Shannon,Overton,soverton5w@globo.com,507-483-7401,Male,354 Arrowood Drive,Enskede,Sweden
214,Joey,Juste,jjuste5x@google.cn,334-969-7802,Male,083 Roxbury Center,Roissy Charles-de-Gaulle,France
215,Freddie,Swate,fswate5y@webs.com,964-947-1065,Female,5387 Loomis Terrace,Taocun,China
216,Fara,McGarrell,fmcgarrell5z@meetup.com,634-967-6395,Female,9 Ryan Lane,Chegdomyn,Russia
217,Dunc,Dodshun,ddodshun60@wikimedia.org,507-562-1836,Male,566 Westport Circle,Yandun,China
218,Shara,Darrigrand,sdarrigrand61@canalblog.com,964-605-0325,Female,1 Magdeline Point,Culeng,Indonesia
219,Rebecca,Kneel,rkneel62@aol.com,536-462-7492,Female,000 Rutledge Center,Paratinga,Brazil
220,Kristin,Earpe,kearpe63@google.it,721-773-7169,Female,0291 Scoville Road,Belajen,Indonesia
221,Riva,Bleasby,rbleasby64@vimeo.com,351-877-0590,Female,7000 Tomscot Junction,Huangwan,China
222,Geri,Clothier,gclothier65@1und1.de,718-334-4917,Male,9465 Grayhawk Avenue,Gendiwu,Indonesia
223,Minta,Fairlam,mfairlam66@noaa.gov,272-964-3994,Female,4960 Stang Street,Tilmi,Morocco
224,Hilton,Learmount,hlearmount67@dropbox.com,238-172-4282,Male,0500 North Center,San Antonio Oeste,Argentina
225,Drugi,Dougary,ddougary68@ftc.gov,206-598-9563,Male,2896 Manley Pass,Nóvita,Colombia
226,Bucky,Sneaker,bsneaker69@etsy.com,730-733-3571,Male,9966 Reinke Court,Guanyinsi,China
227,Blane,Matt,bmatt6a@furl.net,341-947-2855,Male,64157 Fordem Terrace,Reserva,Brazil
228,Nerte,Briston,nbriston6b@taobao.com,894-781-4431,Female,372 Raven Street,Alcaldedíaz,Panama
229,Cassie,Dalgarnowch,cdalgarnowch6c@goo.ne.jp,714-648-8091,Male,47 Bonner Parkway,Minamata,Japan
230,Elnore,Ablott,eablott6d@sohu.com,215-163-2727,Female,9804 Spaight Avenue,Gaotuo,China
231,Mohandis,Grundwater,mgrundwater6e@house.gov,223-137-8423,Male,846 Barnett Alley,Watuka,Indonesia
232,Pennie,Poundsford,ppoundsford6f@parallels.com,302-450-7612,Male,724 Fuller Center,Alfena,Portugal
233,Derrick,Graddell,dgraddell6g@usatoday.com,251-875-2297,Male,83 Division Court,Ljungskile,Sweden
234,Egan,Langstaff,elangstaff6h@phoca.cz,294-435-1120,Male,402 Oak Parkway,Tenggong,Indonesia
235,Hubert,Sheed,hsheed6i@livejournal.com,227-351-8829,Male,9 North Road,Gannan,China
236,Elia,MacKean,emackean6j@i2i.jp,251-525-9358,Male,22 Monterey Pass,Kibre Mengist,Ethiopia
237,Cole,MacGorley,cmacgorley6k@oaic.gov.au,364-703-6911,Male,501 Sycamore Point,Pasian,Philippines
238,Forrest,Rhodus,frhodus6l@prweb.com,107-959-8228,Male,4629 Logan Point,Smołdzino,Poland
239,Juan,Greenaway,jgreenaway6m@google.cn,840-884-0936,Male,4723 Almo Lane,Kwolla,Nigeria
240,Alfons,Spottiswood,aspottiswood6n@freewebs.com,389-142-0848,Male,80930 Holy Cross Place,Manghit,Uzbekistan
241,Joyann,Leech,jleech6o@flavors.me,607-899-5797,Female,4112 Texas Park,Carapicuíba,Brazil
242,Leila,Dales,ldales6p@bloglovin.com,400-879-0662,Female,0965 Meadow Vale Place,Zhuhong,China
243,Siana,Kenworthy,skenworthy6q@unesco.org,903-590-3157,Female,7473 Valley Edge Alley,Gyangqai,China
244,Marcos,Lillecrap,mlillecrap6r@cbsnews.com,848-844-5636,Male,14 Sachtjen Street,Lopatyn,Ukraine
245,Malvin,Coal,mcoal6s@discuz.net,148-352-5721,Male,5061 Boyd Center,Murree,Pakistan
246,Rochella,Leyre,rleyre6t@clickbank.net,714-311-0680,Female,37 Gale Trail,Patulul,Guatemala
247,Vivia,Barnsley,vbarnsley6u@seesaa.net,976-928-0814,Female,4 Doe Crossing Lane,Palaiomonástiron,Greece
248,Ella,Benedettini,ebenedettini6v@webmd.com,824-657-3584,Female,66003 Holmberg Plaza,Szubin,Poland
249,Sarita,Cossington,scossington6w@yelp.com,748-275-8688,Female,8 Mariners Cove Circle,Kŭlob,Tajikistan
250,Nada,MacLardie,nmaclardie6x@yelp.com,943-872-8710,Female,9757 Forest Dale Drive,Vinha,Portugal
251,Parrnell,Bartolomieu,pbartolomieu6y@aboutads.info,372-180-3920,Male,32 Rowland Road,Nangakeo,Indonesia
252,Jen,De la Yglesia,jdelayglesia6z@163.com,601-738-7433,Female,0581 West Center,Tataouine,Tunisia
253,Maxy,Treverton,mtreverton70@xrea.com,368-830-1485,Female,5 Commercial Place,Jiaojie,China
254,Jinny,Gearing,jgearing71@networkadvertising.org,603-569-6575,Female,861 Del Sol Center,Belyy Yar,Russia
255,Concordia,Gomes,cgomes72@blogs.com,750-404-3066,Female,7135 Dunning Circle,Xiaohenglong,China
256,Rodolph,Simionato,rsimionato73@nytimes.com,960-886-1880,Male,616 Superior Drive,Bang Mun Nak,Thailand
257,Luz,Wimpress,lwimpress74@adobe.com,803-180-2080,Female,33 Granby Circle,Tayug,Philippines
258,Pegeen,Purbrick,ppurbrick75@fastcompany.com,530-777-5693,Female,841 Farmco Hill,Loučná nad Desnou,Czech Republic
259,Farleigh,Gofford,fgofford76@sitemeter.com,329-166-7092,Male,6179 Fremont Terrace,Valence,France
260,Davis,Quantick,dquantick77@blinklist.com,840-955-5162,Male,8 Autumn Leaf Way,Villa Altagracia,Dominican Republic
261,Burt,Bracknell,bbracknell78@nationalgeographic.com,933-301-9311,Male,6121 Sugar Hill,Khlong Hat,Thailand
262,Welsh,Enston,wenston79@ow.ly,337-131-6434,Male,61314 Susan Lane,Páno Polemídia,Cyprus
263,Kirbee,Cockerham,kcockerham7a@cafepress.com,650-108-2824,Female,2 Sauthoff Pass,Oakland,United States
264,Cate,Relph,crelph7b@marriott.com,607-918-1569,Female,41012 Warner Road,Massaranduba,Brazil
265,Tawsha,Picot,tpicot7c@si.edu,768-312-4541,Female,75524 Esker Plaza,Malie,Samoa
266,Barnabe,Kornousek,bkornousek7d@altervista.org,693-839-6517,Male,534 Hallows Way,Malec,Poland
267,Riki,Farbrace,rfarbrace7e@unesco.org,747-708-8823,Female,13 Memorial Court,Song’ao,China
268,Jerome,Bowers,jbowers7f@spotify.com,637-952-0044,Male,954 Northfield Court,Sasovo,Russia
269,Aguste,MacTrusty,amactrusty7g@oracle.com,805-540-2162,Male,4 Bay Pass,Sauce,Uruguay
270,Idell,Springford,ispringford7h@home.pl,409-642-2293,Female,0388 Milwaukee Avenue,Bagacay,Philippines
271,Glenden,Roggers,groggers7i@epa.gov,520-658-1042,Male,3680 Eggendart Lane,Wuhao,China
272,Jethro,Porritt,jporritt7j@odnoklassniki.ru,788-845-5902,Male,98 Briar Crest Crossing,Huashan,China
273,Adela,Mathevet,amathevet7k@si.edu,160-727-8862,Female,6 Logan Plaza,Tayum,Philippines
274,Brant,Alishoner,balishoner7l@mtv.com,420-664-1227,Male,6 Onsgard Way,Cruz,Portugal
275,Zara,Cossington,zcossington7m@umich.edu,903-832-3072,Female,62 Sutherland Street,Dera Murād Jamāli,Pakistan
276,Marlow,Grimsell,mgrimsell7n@elpais.com,208-651-2937,Male,4 Forest Dale Circle,San Cristobal,Mexico
277,Moe,Brady,mbrady7o@mtv.com,550-781-2842,Male,3566 Jenifer Terrace,Belyye Berega,Russia
278,Jordan,Greenlies,jgreenlies7p@xrea.com,382-856-7112,Female,1 Twin Pines Junction,Punākha,Bhutan
279,Ned,Griswood,ngriswood7q@t-online.de,617-773-1715,Male,07034 Morningstar Parkway,Boston,United States
280,Esme,Barriball,ebarriball7r@dedecms.com,117-147-2242,Female,7 Daystar Point,Cuogang,China
281,Haydon,O'Looney,holooney7s@nifty.com,321-575-5568,Male,38215 Paget Terrace,Dnestrovsc,Moldova
282,Cortney,Fisher,cfisher7t@deviantart.com,767-535-9586,Female,766 Transport Hill,Madingou,Republic of the Congo
283,Perri,McIlmurray,pmcilmurray7u@mayoclinic.com,713-253-5774,Female,686 Hovde Court,Weishui,China
284,Brice,Sturdgess,bsturdgess7v@oracle.com,982-971-9225,Male,9575 Bluejay Point,Stockholm,Sweden
285,Goldy,Wrassell,gwrassell7w@usatoday.com,322-646-8965,Female,85 Bashford Avenue,Barakani,Comoros
286,Bethanne,Stutter,bstutter7x@japanpost.jp,197-218-8258,Female,2 Swallow Street,Banatski Dvor,Serbia
287,Rudyard,Petri,rpetri7y@theguardian.com,109-345-6122,Male,5 Carey Street,Choibalsan,Mongolia
288,Hayley,Daniau,hdaniau7z@paginegialle.it,123-714-8838,Female,080 Butterfield Park,Canha,Portugal
289,Camila,Mary,cmary80@phoca.cz,370-230-0704,Female,96789 La Follette Circle,Qingtang,China
290,Frederica,Karpf,fkarpf81@princeton.edu,925-284-9905,Female,7 Buhler Crossing,Choroszcz,Poland
291,Devinne,Danell,ddanell82@about.com,682-178-9047,Female,38 Spaight Way,Fort Worth,United States
292,Georgiana,Markson,gmarkson83@de.vu,350-193-8273,Female,2497 Ronald Regan Crossing,Padova,Italy
293,Anna-diana,Filipchikov,afilipchikov84@apple.com,101-767-3010,Female,43 Nova Lane,Qiulu,China
294,Jake,Lidgerton,jlidgerton85@un.org,294-793-3501,Male,0 Maple Wood Trail,Claremorris,Ireland
295,Arvin,Challes,achalles86@bloglovin.com,419-340-1480,Male,4843 Fulton Point,Ridder,Kazakhstan
296,Avigdor,Hexham,ahexham87@umn.edu,225-576-1798,Male,2 Miller Lane,Oslo,Norway
297,Worthy,Surgen,wsurgen88@msu.edu,491-494-3716,Male,284 Westport Street,Gur’yevsk,Russia
298,Lilian,Brandon,lbrandon89@indiatimes.com,185-316-5592,Female,59719 Vera Drive,Bošovice,Czech Republic
299,Alfie,Jemmison,ajemmison8a@comsenz.com,191-429-8822,Female,75 Browning Circle,Gamovo,Russia
300,Skipton,Caldroni,scaldroni8b@bluehost.com,359-230-9701,Male,43 Prairieview Hill,Duvergé,Dominican Republic
301,Nell,Heilds,nheilds8c@printfriendly.com,773-402-6310,Female,951 Ryan Hill,Hadabei,China
302,Shayne,Kensit,skensit8d@ucoz.ru,202-616-3858,Male,06 Towne Hill,Blois,France
303,Eveline,Kembley,ekembley8e@stanford.edu,769-610-9865,Female,1915 Harper Road,Fukuoka-shi,Japan
304,Dominick,Crocumbe,dcrocumbe8f@ycombinator.com,736-603-6105,Male,1958 Nelson Terrace,Balzers,Liechtenstein
305,Pierette,Kasher,pkasher8g@ted.com,468-128-0891,Female,85 Holmberg Court,Ecilda Paullier,Uruguay
306,Aili,Zucker,azucker8h@unc.edu,460-476-0188,Female,7943 Sommers Avenue,Kosai-shi,Japan
307,Kerk,MacGauhy,kmacgauhy8i@deviantart.com,888-887-1713,Male,00200 Springview Parkway,Rozvadov,Ukraine
308,Issy,Benes,ibenes8j@slate.com,113-952-6892,Female,9 Dahle Crossing,Nowe Brzesko,Poland
309,Birgitta,Wisson,bwisson8k@indiatimes.com,493-541-0364,Female,3 Esch Point,Babahoyo,Ecuador
310,Stillman,Cheeseman,scheeseman8l@house.gov,216-737-2244,Male,69885 2nd Alley,Saint-Raymond,Canada
311,Dylan,Iacobini,diacobini8m@prweb.com,812-395-3166,Male,0 Anzinger Street,Vertientes,Cuba
312,Gilbertine,Summerhayes,gsummerhayes8n@nytimes.com,892-601-6183,Female,4086 Aberg Avenue,Lubukalung,Indonesia
313,Joellen,Tyler,jtyler8o@taobao.com,248-741-8012,Female,0 Talmadge Avenue,Sundsvall,Sweden
314,Manya,Kealey,mkealey8p@technorati.com,536-345-0756,Female,4748 Hooker Street,Brijest,Croatia
315,Latrina,Allum,lallum8q@cdbaby.com,156-252-5332,Female,2723 Homewood Circle,Ronneby,Sweden
316,Durward,McWhannel,dmcwhannel8r@youtu.be,213-268-4097,Male,27772 6th Drive,Bayan,Mongolia
317,Kahaleel,Blakey,kblakey8s@reference.com,358-795-1004,Male,3 Fisk Street,Xiamao,China
318,Hetty,Glendinning,hglendinning8t@zdnet.com,527-337-4280,Female,54924 Summer Ridge Point,Nikkō,Japan
319,Balduin,Greenfield,bgreenfield8u@si.edu,321-433-9395,Male,43500 South Park,Orlando,United States
320,Viv,Wasielewski,vwasielewski8v@exblog.jp,202-832-0453,Female,9 North Point,Alibago,Philippines
321,Ag,Coverly,acoverly8w@weather.com,566-425-6108,Female,4 Anthes Hill,Tapacocha,Peru
322,Elsinore,Maudson,emaudson8x@squarespace.com,538-954-6473,Female,33 Hansons Center,Baojia,China
323,Aveline,Wesley,awesley8y@csmonitor.com,672-571-9988,Female,24722 Erie Plaza,Arnprior,Canada
324,Bent,O'Scanlon,boscanlon8z@ustream.tv,197-231-7448,Male,1 Logan Road,Lillehammer,Norway
325,Gavra,Hourahan,ghourahan90@mtv.com,975-620-6935,Female,33 Oxford Lane,Jiangshan,China
326,Luelle,Statton,lstatton91@behance.net,817-501-3417,Female,16249 Blue Bill Park Drive,Fort Worth,United States
327,Nikolaus,Postill,npostill92@fastcompany.com,832-248-7176,Male,5507 Schiller Pass,Kauit,Philippines
328,Paola,Lysons,plysons93@wikimedia.org,800-847-2582,Female,8956 Caliangt Court,Krabi,Thailand
329,Bernie,Lasslett,blasslett94@techcrunch.com,836-507-7837,Female,928 Erie Hill,Malway,Philippines
330,Piper,Larive,plarive95@slate.com,690-422-6397,Female,8981 Ronald Regan Avenue,Causip,Philippines
331,Daphna,Matas,dmatas96@guardian.co.uk,145-193-7306,Female,5 Grayhawk Court,Da’ao,China
332,Betti,Dreakin,bdreakin97@phoca.cz,137-952-7561,Female,16 Washington Place,Xiamao,China
333,Lambert,Virgin,lvirgin98@imdb.com,386-606-1283,Male,4410 Golf Center,Morez,France
334,Meghann,Hawlgarth,mhawlgarth99@xinhuanet.com,940-512-0352,Female,5 Golf Trail,Munjungan,Indonesia
335,Aggi,Westoff,awestoff9a@behance.net,340-645-2364,Female,43 Fallview Hill,Tīkāpur,Nepal
336,Ardisj,Westney,awestney9b@upenn.edu,639-194-2643,Female,2 Vernon Junction,Spas-Zaulok,Russia
337,Theressa,Walrond,twalrond9c@samsung.com,381-220-1524,Female,53 Roxbury Street,Huai’an,China
338,Prudence,Macklin,pmacklin9d@amazon.de,571-857-4299,Female,2 Columbus Lane,Reston,United States
339,Freeman,McLeman,fmcleman9e@printfriendly.com,335-404-1735,Male,0 Hooker Plaza,Bagroy,Philippines
340,Avictor,Bamsey,abamsey9f@jimdo.com,694-638-5559,Male,5071 Kim Court,Ymittos,Greece
341,Anselm,Swainger,aswainger9g@rediff.com,506-725-3344,Male,22981 Havey Avenue,Ciudad Bolívar,Venezuela
342,Rois,Fiddeman,rfiddeman9h@mapy.cz,904-709-1051,Female,57944 Superior Place,Piura,Peru
343,Agathe,Kamiyama,akamiyama9i@dropbox.com,519-244-7038,Female,771 Norway Maple Road,Karangasem,Indonesia
344,Dan,Harry,dharry9j@mediafire.com,322-261-2857,Male,8808 Heath Road,Shibīn al Qanāţir,Egypt
345,Elissa,Hacksby,ehacksby9k@nationalgeographic.com,560-577-5888,Female,1593 Birchwood Avenue,Outeiro Seco,Portugal
346,Shermy,Osbidston,sosbidston9l@reverbnation.com,427-624-7409,Male,979 Quincy Hill,Tewulike,China
347,Roth,Grzelczyk,rgrzelczyk9m@usda.gov,682-708-0452,Male,1 Raven Trail,Fuming,China
348,Hanan,Gregor,hgregor9n@gmpg.org,506-967-9421,Male,584 Reinke Parkway,Mwembe,Tanzania
349,Nichol,McFadyen,nmcfadyen9o@usatoday.com,890-969-9368,Female,902 Blaine Drive,Arauquita,Colombia
350,Jorey,Polglaze,jpolglaze9p@rambler.ru,834-846-8888,Female,0814 Sauthoff Parkway,Jardín América,Argentina
351,Creight,Venditti,cvenditti9q@digg.com,650-682-6238,Male,3 Washington Hill,Oakland,United States
352,Kiele,Sends,ksends9r@wsj.com,481-188-3182,Female,34 Katie Court,Baardheere,Somalia
353,Jerrie,Swiffan,jswiffan9s@businesswire.com,359-777-0830,Male,83 Meadow Valley Street,Oro Verde,Argentina
354,Pace,Boatswain,pboatswain9t@freewebs.com,101-307-6018,Male,1855 Surrey Lane,Cajolá,Guatemala
355,Husein,Jacobi,hjacobi9u@wsj.com,508-751-0600,Male,840 Mendota Park,Al Jīzah,Jordan
356,Bel,Kinavan,bkinavan9v@oracle.com,582-811-3859,Female,6 Bluejay Trail,Puyang,China
357,Avivah,Neville,aneville9w@soundcloud.com,555-977-3986,Female,09 Brickson Park Trail,Niu,China
358,Karel,Halden,khalden9x@dell.com,153-479-8823,Male,003 Arkansas Alley,Haodian,China
359,Yanaton,Strettell,ystrettell9y@auda.org.au,424-651-7387,Male,3 Fairview Parkway,Wołomin,Poland
360,Nikola,Cowins,ncowins9z@cnn.com,827-493-1752,Male,91 Rusk Parkway,Hidalgo,Mexico
361,Jayson,Swalwel,jswalwela0@acquirethisname.com,206-698-2755,Male,2447 Brown Plaza,Seattle,United States
362,Marcela,Faucett,mfaucetta1@w3.org,489-295-4477,Female,18497 Claremont Way,Cajolá,Guatemala
363,Gilly,Foote,gfootea2@washington.edu,430-886-7775,Female,4679 Gateway Court,Nartkala,Russia
364,Gherardo,Bratten,gbrattena3@123-reg.co.uk,982-291-7287,Male,88 Becker Road,Parigi,Indonesia
365,Delaney,Bignell,dbignella4@cisco.com,428-713-0726,Male,97821 Cambridge Place,Juancheng,China
366,Min,Petran,mpetrana5@indiatimes.com,396-841-8825,Female,6 Kropf Hill,Qui Nhon,Vietnam
367,Erinna,Shelf,eshelfa6@exblog.jp,100-241-6051,Female,90 Tennyson Avenue,Dateng,Indonesia
368,Julietta,Broomhead,jbroomheada7@g.co,800-599-8206,Female,1 Valley Edge Circle,Kapsan-ŭp,North Korea
369,Maris,Karsh,mkarsha8@posterous.com,790-280-7017,Female,42 Lakewood Way,Qiaozi,China
370,Merridie,Chaff,mchaffa9@pagesperso-orange.fr,118-582-6511,Female,70 Vermont Drive,Makapanstad,South Africa
371,Vicky,Alston,valstonaa@amazon.de,583-444-7293,Female,571 Haas Drive,Shekou,China
372,Odille,Benns,obennsab@dagondesign.com,730-607-4368,Female,62 Waywood Park,Pawonków,Poland
373,Cordula,Bizley,cbizleyac@dmoz.org,334-924-4309,Female,844 Northview Court,Caen,France
374,Rosabelle,Heggs,rheggsad@nyu.edu,800-784-6806,Female,8 Lawn Hill,Mońki,Poland
375,Freeman,Normanell,fnormanellae@fotki.com,662-726-4024,Male,56304 Prairieview Junction,Argayash,Russia
376,Jamesy,Bulman,jbulmanaf@virginia.edu,362-930-3260,Male,23 Harbort Court,Qiangtou,China
377,Othello,Kilford,okilfordag@goodreads.com,263-162-3287,Male,0 East Point,Dandu,China
378,Abdul,Leek,aleekah@chron.com,235-973-5510,Male,12520 Elmside Park,Douz,Tunisia
379,Kimberlyn,Gawith,kgawithai@virginia.edu,862-734-5781,Female,48983 Mariners Cove Avenue,Jurh,China
380,Dael,Digle,ddigleaj@ehow.com,931-676-1246,Male,8288 High Crossing Circle,Dashiren,China
381,Bart,Morit,bmoritak@github.com,835-453-4111,Male,964 Thierer Center,Yoshida-kasugachō,Japan
382,Thurstan,Lundy,tlundyal@usa.gov,123-928-8854,Male,3976 Barby Lane,Jarash,Jordan
383,Aeriell,Labbet,alabbetam@skype.com,860-144-7227,Female,5350 Thackeray Plaza,Xiaoshi,China
384,Cristin,Dreossi,cdreossian@smugmug.com,936-927-1680,Female,8 Anthes Hill,La Paz,Philippines
385,Ozzy,Proughten,oproughtenao@npr.org,667-740-8459,Male,72295 Bluestem Way,Bungursari,Indonesia
386,Harold,Munt,hmuntap@pagesperso-orange.fr,521-362-7446,Male,9 Spohn Plaza,Marigot,Haiti
387,Dela,Bediss,dbedissaq@php.net,760-154-6705,Female,2361 Michigan Road,Fencheng,China
388,Scarlett,Beauman,sbeaumanar@amazon.co.uk,306-683-8597,Female,8 Bowman Way,Jinzhuang,China
389,Nedi,Woltering,nwolteringas@github.com,623-790-3804,Female,0020 Badeau Circle,Vale Mourão,Portugal
390,Alix,Kinnerley,akinnerleyat@com.com,503-431-8905,Female,284 Anzinger Avenue,Vřesina,Czech Republic
391,Denver,Obington,dobingtonau@theglobeandmail.com,410-200-1477,Male,6 Sullivan Park,Tampakan,Philippines
392,Francisca,Van Ross,fvanrossav@youku.com,794-460-1011,Female,3584 Del Sol Terrace,Cruzeiro do Oeste,Brazil
393,Milissent,Jessup,mjessupaw@twitpic.com,624-380-1727,Female,55 Stephen Parkway,Solec Nad Wisłą,Poland
394,Dianna,Dinsale,ddinsaleax@redcross.org,545-450-5012,Female,2176 Sutherland Drive,Būrewāla,Pakistan
395,Adria,Vinck,avinckay@meetup.com,171-708-0913,Female,52499 Judy Street,Pulap,Micronesia
396,Enrichetta,Curman,ecurmanaz@desdev.cn,272-376-2968,Female,88 Raven Place,Lizhai,China
397,Valle,Cromie,vcromieb0@wunderground.com,116-278-4382,Male,695 Northwestern Circle,Dongpu,China
398,Garvy,Kindle,gkindleb1@state.tx.us,912-491-7977,Male,7679 Bunker Hill Drive,Västerås,Sweden
399,Norton,Tothe,ntotheb2@theatlantic.com,690-100-7360,Male,7 Bluejay Drive,Shaguotun,China
400,Hendrick,Cosins,hcosinsb3@bravesites.com,705-759-7239,Male,5 Wayridge Trail,Xiamao,China
401,Ber,Keijser,bkeijserb4@cargocollective.com,186-274-4705,Male,60 Marcy Pass,Cihurip Satu,Indonesia
402,Bobby,Breach,bbreachb5@vk.com,412-573-5610,Male,921 Carpenter Trail,Shangsanji,China
403,Allen,Brake,abrakeb6@icq.com,130-145-9828,Male,853 6th Lane,Bell Ville,Argentina
404,Veradis,Fernyhough,vfernyhoughb7@foxnews.com,714-189-5905,Female,001 Kingsford Trail,Pregonero,Venezuela
405,Darren,Trivett,dtrivettb8@businesswire.com,217-532-6837,Male,65 Raven Park,Springfield,United States
406,Cole,Manginot,cmanginotb9@bing.com,956-724-0673,Male,3 David Junction,Tyoply Stan,Russia
407,Preston,Burnel,pburnelba@rediff.com,664-175-3515,Male,25380 Roxbury Plaza,Nakajah,Indonesia
408,Jacynth,Beldum,jbeldumbb@wikispaces.com,207-517-4935,Female,44 Tennyson Road,Stefanavíkion,Greece
409,Kristina,Wakeman,kwakemanbc@google.it,994-605-0052,Female,2112 Fairfield Way,Yumendong,China
410,Joannes,Lavis,jlavisbd@theguardian.com,618-715-9340,Female,2 Granby Way,Kuaro,Indonesia
411,Luke,Gridley,lgridleybe@redcross.org,733-262-8912,Male,1 Glacier Hill Point,Timoulilt,Morocco
412,Sandye,Baress,sbaressbf@mlb.com,776-746-0873,Female,7 Grayhawk Center,Nyapar,Indonesia
413,Fey,Burbage,fburbagebg@moonfruit.com,558-338-0702,Female,6 Lawn Way,Malishka,Armenia
414,Alvira,MacKeig,amackeigbh@altervista.org,586-756-3983,Female,4 Northview Terrace,Juancheng,China
415,Teodoor,Leaf,tleafbi@mail.ru,922-915-3909,Male,023 Burrows Parkway,Rio Claro,Trinidad and Tobago
416,Perry,Endacott,pendacottbj@bigcartel.com,492-588-1787,Female,3783 Westend Court,Osvaldo Cruz,Brazil
417,Goldina,Bletcher,gbletcherbk@youku.com,535-726-7107,Female,5 Crescent Oaks Court,Nan,Thailand
418,Brennen,Koppen,bkoppenbl@europa.eu,784-397-1399,Male,32328 Dennis Street,Sinabang,Indonesia
419,Laurent,Gummoe,lgummoebm@hatena.ne.jp,122-227-7251,Male,91459 Eliot Terrace,Jiantang,China
420,Maiga,Plitz,mplitzbn@youku.com,268-348-2156,Female,7 Heffernan Parkway,Kidangbang,Indonesia
421,Englebert,Novakovic,enovakovicbo@moonfruit.com,986-416-6074,Male,56 Fieldstone Park,Yamaranguila,Honduras
422,Granville,Larter,glarterbp@ebay.co.uk,804-511-7311,Male,87 Ridge Oak Place,General Galarza,Argentina
423,Martie,Ricciardi,mricciardibq@vkontakte.ru,582-571-2232,Female,72 Grim Hill,Tranca,Philippines
424,Teresina,Zanicchelli,tzanicchellibr@wunderground.com,575-877-0421,Female,253 Orin Alley,Nevers,France
425,Jonathon,Meeron,jmeeronbs@ucoz.com,266-620-0186,Male,2504 Jay Lane,Sabá,Honduras
426,Else,Goranov,egoranovbt@buzzfeed.com,862-930-3421,Female,31 Pleasure Alley,Thị Trấn Thanh Lưu,Vietnam
427,Dorine,Lorraine,dlorrainebu@economist.com,897-839-7916,Female,32379 Old Shore Terrace,Margacina,Indonesia
428,Nelia,Corish,ncorishbv@macromedia.com,925-537-3350,Female,3 3rd Drive,Rantīs,Palestinian Territory
429,Nester,Chritchlow,nchritchlowbw@washingtonpost.com,489-805-5344,Male,75027 Coolidge Terrace,Wangcun,China
430,Lorrie,Applegate,lapplegatebx@hexun.com,931-639-7897,Male,09424 Mockingbird Circle,Moravče,Slovenia
431,Katine,Sorrie,ksorrieby@instagram.com,209-738-5481,Female,7 Elmside Place,Camiri,Bolivia
432,Zachery,Dalziel,zdalzielbz@google.de,517-924-9806,Male,1504 Mayer Point,Lansing,United States
433,Dion,Brackenridge,dbrackenridgec0@t.co,163-903-7373,Female,97 Longview Drive,Ngrambitan,Indonesia
434,Everett,Levy,elevyc1@youtube.com,404-725-3198,Male,0901 Briar Crest Court,Daqiao,China
435,Fianna,D'Alwis,fdalwisc2@irs.gov,591-401-2142,Female,5182 Garrison Court,Ipís,Costa Rica
436,Kimberli,Hallows,khallowsc3@si.edu,255-795-2550,Female,17810 Utah Drive,Babakankadu,Indonesia
437,Eachelle,Jouhan,ejouhanc4@cornell.edu,602-408-8330,Female,6 Ludington Place,Jianba,China
438,Dori,Tyndall,dtyndallc5@creativecommons.org,340-476-9874,Female,5948 Commercial Terrace,Xingou,China
439,Norbert,De Zamudio,ndezamudioc6@nasa.gov,250-189-4376,Male,8582 Lakewood Lane,Voskresensk,Russia
440,Kingsley,Juanes,kjuanesc7@mashable.com,322-276-1997,Male,90722 Westport Park,Gemuruh,Indonesia
441,Jerad,Haye,jhayec8@xing.com,701-261-5705,Male,4 Mcbride Point,Murowana Goślina,Poland
442,Kikelia,Rantoull,krantoullc9@cyberchimps.com,589-509-7456,Female,8 Tomscot Road,Conceição da Barra,Brazil
443,Karel,Caroll,kcarollca@csmonitor.com,262-503-1938,Male,4774 Mesta Junction,Bel Air Rivière Sèche,Mauritius
444,Calida,Bettridge,cbettridgecb@kickstarter.com,684-664-2628,Female,8 Granby Court,Dongzhou,China
445,Ozzie,Hamly,ohamlycc@nationalgeographic.com,362-336-6799,Male,4853 Eastwood Alley,Öldziyt,Mongolia
446,Ertha,Fyfe,efyfecd@infoseek.co.jp,335-554-9286,Female,05 Porter Park,Oenpeotnai,Indonesia
447,Etienne,Tebbs,etebbsce@weather.com,249-333-3055,Male,26 Delladonna Trail,Luoyang,China
448,Sunshine,Spall,sspallcf@squidoo.com,495-345-3116,Female,18 Oxford Park,Guinobatan,Philippines
449,Noble,Sumnall,nsumnallcg@oracle.com,707-458-6493,Male,0050 Jackson Court,Huimin,China
450,Jeniece,Werrilow,jwerrilowch@ezinearticles.com,195-640-7615,Female,384 New Castle Street,Palalang,Indonesia
451,Byram,Hubbart,bhubbartci@goodreads.com,944-218-8037,Male,2 Comanche Circle,Sapphaya,Thailand
452,Yves,D'eathe,ydeathecj@forbes.com,700-388-6484,Male,33 Beilfuss Lane,Zhangdu,China
453,Aguste,Stemp,astempck@comcast.net,684-771-6663,Male,3758 Mallard Avenue,Fangyan,China
454,Maryanna,Saunton,msauntoncl@skyrock.com,381-328-5920,Female,9082 Waywood Street,Kuroishi,Japan
455,Emmerich,Cheesworth,echeesworthcm@accuweather.com,421-335-3781,Male,4337 Armistice Parkway,Dadoupu,China
456,Marta,Assante,massantecn@businesswire.com,327-207-8016,Female,6391 Moulton Drive,Czchów,Poland
457,Matthias,Claibourn,mclaibournco@instagram.com,661-844-9457,Male,18037 Homewood Lane,Tandag,Philippines
458,Delia,Hardi,dhardicp@zdnet.com,205-356-8448,Female,0677 Hanover Plaza,Anávra,Greece
459,Sal,Kimbley,skimbleycq@artisteer.com,461-981-1722,Female,46 Garrison Lane,Maszewo Duże,Poland
460,Foss,Kerne,fkernecr@thetimes.co.uk,550-886-1623,Male,574 Judy Crossing,Saint David’s,Grenada
461,Nessa,Clowsley,nclowsleycs@diigo.com,142-594-8026,Female,201 Troy Pass,Clonskeagh,Ireland
462,Timmi,Pecha,tpechact@unicef.org,793-230-0333,Female,77176 Arizona Center,Dongxing,China
463,Roger,Neesham,rneeshamcu@devhub.com,529-283-4576,Male,4 Kingsford Circle,Barubandung,Indonesia
464,Noam,Licciardello,nlicciardellocv@ustream.tv,862-859-5006,Male,8 Summer Ridge Way,Asikkala,Finland
465,Milton,Float,mfloatcw@businessinsider.com,974-271-9292,Male,89 Vahlen Street,Byczyna,Poland
466,Luther,Duffree,lduffreecx@dailymail.co.uk,971-416-7366,Male,2 Garrison Park,Cijangkar,Indonesia
467,Jayme,Galsworthy,jgalsworthycy@wikimedia.org,441-975-3073,Male,0 Prairie Rose Park,Ila Orangun,Nigeria
468,Garreth,Ings,gingscz@hostgator.com,891-429-5343,Male,5 Roxbury Way,Kamsack,Canada
469,Curran,Lilleman,clillemand0@mapy.cz,179-236-4178,Male,5154 Sommers Avenue,Empório,Greece
470,Darelle,Balding,dbaldingd1@addtoany.com,852-590-2077,Female,101 Lighthouse Bay Road,Sosnówka,Poland
471,Emmey,Guerrazzi,eguerrazzid2@yellowbook.com,946-341-1008,Female,15 Monument Street,Kutloanong,South Africa
472,Alard,Alldis,aalldisd3@acquirethisname.com,259-463-7222,Male,1875 Alpine Plaza,Xiabuji,China
473,Kev,Creamen,kcreamend4@cmu.edu,845-514-7075,Male,98767 Saint Paul Lane,Khāngāh Dogrān,Pakistan
474,Andra,Davidsen,adavidsend5@blogs.com,813-998-5129,Female,716 Blaine Drive,Tlogosadang,Indonesia
475,Mycah,Aizikov,maizikovd6@51.la,297-190-9241,Male,522 Chinook Trail,Lamduan,Thailand
476,Delano,Wollers,dwollersd7@newsvine.com,512-224-8283,Male,18901 Service Crossing,Mlawat,Indonesia
477,Robin,Esmonde,resmonded8@oaic.gov.au,824-616-8412,Female,736 Green Trail,Casilda,Argentina
478,Ida,Shankle,ishankled9@sphinn.com,474-999-8624,Female,69758 2nd Road,Lidingö,Sweden
479,Karissa,McKimm,kmckimmda@wisc.edu,275-696-7617,Female,0 Stuart Street,Xiongzhou,China
480,Fin,Iacovaccio,fiacovacciodb@admin.ch,881-645-8603,Male,51351 Moose Circle,Kuybyshevo,Russia
481,Priscilla,Adame,padamedc@deviantart.com,858-962-1379,Female,441 Stoughton Avenue,Sidu,China
482,Merrilee,Vasiltsov,mvasiltsovdd@constantcontact.com,603-293-4454,Female,2188 Dayton Pass,Loppi,Finland
483,Wilfred,Immins,wimminsde@myspace.com,943-642-7280,Male,652 Sunbrook Center,Lunik,Albania
484,Robers,Stirland,rstirlanddf@1und1.de,932-291-5923,Male,022 Westend Court,Jinjing,China
485,Robbin,Wilman,rwilmandg@cnn.com,993-889-9142,Female,2 Hanover Parkway,Shouyan,China
486,Joscelin,Gerhold,jgerholddh@feedburner.com,908-904-0450,Female,455 Talmadge Way,Calheta,Cape Verde
487,Brittany,Petroselli,bpetrosellidi@mtv.com,260-429-7515,Female,347 Lyons Circle,Fort Wayne,United States
488,Whitby,Mc Dermid,wmcdermiddj@ustream.tv,174-291-2079,Male,31534 Burrows Crossing,Daru Rilwan,Gambia
489,Vivien,Budgeon,vbudgeondk@woothemes.com,643-753-4892,Female,913 Corscot Circle,Alebtong,Uganda
490,Nancey,Cockaday,ncockadaydl@meetup.com,261-894-0634,Female,5 Kennedy Alley,Klatovy,Czech Republic
491,Nola,Thurner,nthurnerdm@icq.com,225-423-3354,Female,52 Lyons Drive,Baton Rouge,United States
492,Juliane,Tregiddo,jtregiddodn@behance.net,776-720-4074,Female,4237 Northwestern Plaza,Vrané nad Vltavou,Czech Republic
493,Marta,Dodson,mdodsondo@dyndns.org,804-237-0497,Female,462 Little Fleur Parkway,Sebu,Philippines
494,Colan,Radage,cradagedp@pinterest.com,283-401-5165,Male,910 Farmco Lane,Klyetsk,Belarus
495,Sophi,Feavearyear,sfeavearyeardq@behance.net,628-701-6002,Female,127 Arapahoe Crossing,Vathýlakkos,Greece
496,Jereme,Lisciardelli,jlisciardellidr@canalblog.com,896-748-5775,Male,83733 3rd Center,Hamilton,Bermuda
497,Zollie,Pringer,zpringerds@alexa.com,770-268-1286,Male,89545 Dovetail Circle,Makhalino,Russia
498,Kerrill,Hedlestone,khedlestonedt@livejournal.com,463-493-2903,Female,6195 Grasskamp Plaza,Dzüünbulag,Mongolia
499,Wandie,Bernardot,wbernardotdu@dropbox.com,134-231-4536,Female,43 Mockingbird Court,Jiaowei,China
500,Hart,Riccioppo,hriccioppodv@yahoo.co.jp,985-734-1621,Male,1647 Novick Street,Cañazas,Panama
501,Dorian,Willishire,dwillishiredw@dedecms.com,248-694-9568,Male,7327 Di Loreto Crossing,Staraya Stanitsa,Russia
502,Lewiss,Hudd,lhudddx@icq.com,290-777-1149,Male,8 Rieder Place,Lidun,China
503,Zuzana,Grover,zgroverdy@ftc.gov,187-559-5334,Female,1 Sycamore Street,Itabira,Brazil
504,Scott,Tarbox,starboxdz@weebly.com,198-682-4466,Male,3899 Texas Street,Shezë,Albania
505,Reuven,Nelsey,rnelseye0@wunderground.com,977-812-2463,Male,394 Eastwood Court,San Gil,Colombia
506,Derby,Johannesson,djohannessone1@t-online.de,996-260-4677,Male,10 Village Park,Pakong,Indonesia
507,Lyndsey,Graysmark,lgraysmarke2@kickstarter.com,685-490-0305,Female,4 Artisan Alley,Huata,Peru
508,Wainwright,Hourihane,whourihanee3@google.fr,364-572-2532,Male,7524 Randy Court,Ouégoa,New Caledonia
509,Griffie,Fowlston,gfowlstone4@symantec.com,911-617-5422,Male,443 Caliangt Lane,Blinsung,Philippines
510,Betta,Draayer,bdraayere5@weebly.com,766-131-4430,Female,65073 Golf Course Terrace,Gândara,Portugal
511,Nanete,Schaffler,nschafflere6@unesco.org,688-742-4455,Female,9604 Lawn Alley,Xinxu,China
512,Kalina,Ahren,kahrene7@princeton.edu,464-198-6002,Female,72026 Stone Corner Trail,Shamboyacu,Peru
513,Olin,Coniam,oconiame8@eepurl.com,632-331-6655,Male,45 Mallory Drive,Hudson,Canada
514,Graham,MacKill,gmackille9@gnu.org,176-730-3660,Male,1143 Loomis Avenue,Houmt Souk,Tunisia
515,Anjanette,Vickors,avickorsea@bandcamp.com,150-944-7650,Female,0250 Del Sol Court,Yanglinqiao,China
516,Ilysa,Lillegard,ilillegardeb@techcrunch.com,382-166-8281,Female,3846 Kings Park,Hongjiazui,China
517,Frances,Shawdforth,fshawdforthec@patch.com,710-323-4679,Female,082 Eagle Crest Drive,Mzuzu,Malawi
518,Curt,Thorsby,cthorsbyed@hao123.com,650-621-6842,Male,65297 Westport Drive,Halteu,Indonesia
519,Frasquito,Chittem,fchittemee@seesaa.net,915-909-9412,Male,23 Kedzie Lane,Velyki Sorochyntsi,Ukraine
520,Kelcy,Karchowski,kkarchowskief@amazon.de,882-692-8749,Female,1 Forest Run Way,Dafengdui,China
521,Julietta,Vicary,jvicaryeg@google.de,857-199-8561,Female,84858 Dapin Crossing,Xai-Xai,Mozambique
522,Bank,Baldry,bbaldryeh@wsj.com,301-712-9440,Male,656 Cardinal Center,Telêmaco Borba,Brazil
523,Trace,McCartan,tmccartanei@prlog.org,410-105-3016,Male,175 Lighthouse Bay Crossing,Longtan,China
524,Elroy,Dibsdale,edibsdaleej@imdb.com,673-502-7479,Male,5395 Nevada Terrace,Pegongan,Indonesia
525,Keelia,Marishenko,kmarishenkoek@weather.com,194-442-9725,Female,645 Rockefeller Hill,Port Sudan,Sudan
526,Carole,O' Flaherty,coflahertyel@businesswire.com,208-704-0317,Female,5 Graedel Place,Changzhi,China
527,Rosalia,Goodricke,rgoodrickeem@naver.com,807-737-5991,Female,6 Shopko Trail,Santa Ana,El Salvador
528,Annabel,Casolla,acasollaen@bloomberg.com,552-122-4712,Female,83 Dayton Park,Áthyra,Greece
529,Tanny,Lytton,tlyttoneo@npr.org,190-505-3061,Male,860 Basil Parkway,Kuantan,Malaysia
530,Judith,Acland,jaclandep@yandex.ru,237-255-3733,Female,4 International Place,Xinglong,China
531,Sherlock,Burleton,sburletoneq@yelp.com,950-342-2357,Male,216 Fuller Lane,Leyuan,China
532,Hirsch,Counihan,hcounihaner@ow.ly,727-438-2305,Male,398 Northview Way,Dengzhuang,China
533,Wyatan,Ramlot,wramlotes@so-net.ne.jp,790-234-5476,Male,62315 Rigney Plaza,Durazno,Uruguay
534,Natala,de Nore,ndenoreet@uol.com.br,350-596-2736,Female,6 Carioca Alley,Kertapura,Indonesia
535,Brittni,Dearing,bdearingeu@fotki.com,235-731-0189,Female,26 Messerschmidt Drive,Dolní Kounice,Czech Republic
536,Adolphus,Oolahan,aoolahanev@wired.com,638-570-7954,Male,42193 Menomonie Avenue,Bang Lamung,Thailand
537,Edmund,McAllester,emcallesterew@home.pl,336-591-9470,Male,84 Golf View Way,Ad Dīs ash Sharqīyah,Yemen
538,Bertine,Christley,bchristleyex@nydailynews.com,250-894-7030,Female,174 Bultman Street,Huolu,China
539,Gregoire,Grisbrook,ggrisbrookey@a8.net,781-925-1906,Male,0647 Dapin Road,Jomda,China
540,Kev,Pavic,kpavicez@ovh.net,512-172-8921,Male,18086 Alpine Junction,Shajing,China
541,Simonette,Hurn,shurnf0@arizona.edu,770-972-9461,Female,30 Bluestem Center,Árta,Greece
542,Lacee,Harrisson,lharrissonf1@loc.gov,423-177-6096,Female,986 Hollow Ridge Center,Sakaiminato,Japan
543,Haydon,Ast,hastf2@miitbeian.gov.cn,407-995-5505,Male,410 Warbler Avenue,Kotlovka,Russia
544,Christyna,Nekrews,cnekrewsf3@usa.gov,643-753-6309,Female,21739 Stone Corner Pass,Bobon,Philippines
545,Vite,Children,vchildrenf4@wikipedia.org,214-159-1915,Male,0687 Mesta Point,El Bálsamo,Honduras
546,Heddie,Rzehorz,hrzehorzf5@ehow.com,667-699-1728,Female,44 Declaration Center,Melbourne,Australia
547,Hank,Josskoviz,hjosskovizf6@youku.com,337-967-4496,Male,2347 Springview Court,Ailibugai,China
548,Hillery,Madelin,hmadelinf7@themeforest.net,423-685-1494,Male,95 Menomonie Junction,Novouzensk,Russia
549,Romola,Carress,rcarressf8@unblog.fr,500-934-9319,Female,2186 Kim Street,Pryazha,Russia
550,Dione,Spray,dsprayf9@whitehouse.gov,951-406-0132,Female,987 Kim Pass,Otoka,Bosnia and Herzegovina
551,Marietta,Bampford,mbampfordfa@usa.gov,826-388-4402,Male,652 Lien Avenue,Barajevo,Serbia
552,Ilario,Hinchon,ihinchonfb@wikia.com,690-460-0683,Male,2 Porter Court,Mashan,China
553,Rhody,Astbery,rastberyfc@shinystat.com,816-611-3566,Female,7 Basil Avenue,Dongjiao,China
554,Abbey,Ensor,aensorfd@europa.eu,334-233-5711,Male,03462 Delladonna Trail,Остров Пасхи,Chile
555,Carlina,Lampart,clampartfe@google.es,227-671-5800,Female,7 Hansons Junction,Dimovo,Bulgaria
556,Meggy,Scrase,mscraseff@nydailynews.com,222-753-2350,Female,4390 Shopko Parkway,Ketapang,Indonesia
557,Pierette,Thaw,pthawfg@sitemeter.com,727-419-8598,Female,647 Tennyson Center,Kasongo,Democratic Republic of the Congo
558,Lacie,Thaxton,lthaxtonfh@cam.ac.uk,613-949-4366,Female,6 Eastwood Alley,Mattaldi,Argentina
559,Ansel,Giffard,agiffardfi@facebook.com,812-746-7051,Male,900 Esch Drive,Kanggye-si,North Korea
560,Gonzalo,Giorgielli,ggiorgiellifj@privacy.gov.au,195-789-1861,Male,53182 Westridge Court,Donetsk,Russia
561,Laurence,O'Corrigane,locorriganefk@arizona.edu,795-505-8459,Male,65633 Waywood Pass,Yanagawamachi-saiwaichō,Japan
562,Martha,Vedenisov,mvedenisovfl@nsw.gov.au,693-142-3521,Female,8058 Toban Lane,Karanglo,Indonesia
563,Baily,Coultass,bcoultassfm@usa.gov,184-710-3486,Male,35656 Sachs Circle,Puamata,Indonesia
564,Cherice,Whitecross,cwhitecrossfn@canalblog.com,309-265-6017,Female,42618 Oxford Junction,Lisiy Nos,Russia
565,Lonee,Harries,lharriesfo@paginegialle.it,224-129-1987,Female,08304 Orin Avenue,Mesopotamía,Greece
566,Dasie,Tugman,dtugmanfp@thetimes.co.uk,945-954-1280,Female,96 Pond Street,Santa Teresita,Philippines
567,Olivier,O'Bradain,oobradainfq@timesonline.co.uk,623-316-5863,Male,2 Luster Hill,Manzë,Albania
568,Faythe,Gellan,fgellanfr@samsung.com,467-173-8751,Female,1498 Bultman Pass,Al Majd,Palestinian Territory
569,Nesta,Water,nwaterfs@nytimes.com,133-451-1821,Female,56 West Pass,Gongchang,China
570,Elyssa,Van Halle,evanhalleft@tmall.com,346-677-3093,Female,76038 Forest Dale Park,Guangsheng,China
571,Marshal,Truran,mtruranfu@infoseek.co.jp,772-889-9925,Male,1919 Mcbride Plaza,Sumuragung,Indonesia
572,Sile,Leaman,sleamanfv@vk.com,507-625-8648,Female,8 Village Green Lane,Malabang,Philippines
573,Jeralee,Janney,jjanneyfw@zdnet.com,956-235-7749,Female,2 Alpine Circle,Serere,Uganda
574,Dwight,Miell,dmiellfx@lycos.com,514-333-0182,Male,20 Parkside Road,Sedkyrkeshch,Russia
575,Denni,Callaghan,dcallaghanfy@loc.gov,452-941-8192,Female,20077 Thierer Circle,Al ‘Āqir,Yemen
576,Reube,Cockle,rcocklefz@homestead.com,163-964-5050,Male,9314 Grover Junction,Pavino,Russia
577,Deborah,Leipoldt,dleipoldtg0@harvard.edu,626-157-4009,Female,3 Hagan Trail,Kotawaikabubak,Indonesia
578,Laird,Setterfield,lsetterfieldg1@joomla.org,329-316-1926,Male,29406 Bellgrove Parkway,Paris 08,France
579,Salim,Yeudall,syeudallg2@washington.edu,124-757-3509,Male,06 Bultman Lane,Al Manshāh,Egypt
580,Mirelle,Risdale,mrisdaleg3@wikimedia.org,344-587-4707,Female,99690 Duke Trail,Kipen’,Russia
581,Worthington,Exton,wextong4@angelfire.com,482-684-0480,Male,910 Surrey Parkway,Pueblo Nuevo,Peru
582,Antonetta,Vaudre,avaudreg5@businessinsider.com,857-376-2903,Female,82 Reinke Alley,Margahayukencana,Indonesia
583,Maurie,Halston,mhalstong6@symantec.com,617-701-1326,Male,95936 Schiller Alley,Pasanggrahan,Indonesia
584,Billi,Tyne,btyneg7@ihg.com,515-549-0672,Female,408 Duke Center,Krasnodon,Ukraine
585,Darnell,Bidewel,dbidewelg8@samsung.com,684-234-9478,Male,88 Butternut Way,Łapczyca,Poland
586,Stephanie,Blissett,sblissettg9@plala.or.jp,215-461-9035,Female,4842 Elmside Pass,Svetlograd,Russia
587,Edythe,Lazer,elazerga@printfriendly.com,566-737-6819,Female,469 Park Meadow Drive,Changqi,China
588,Ham,Washtell,hwashtellgb@webmd.com,823-757-7723,Male,29545 Hayes Circle,Orhei,Moldova
589,Dorothee,Bordone,dbordonegc@foxnews.com,572-593-5918,Female,91228 Lakewood Junction,Bouarouss,Morocco
590,Even,Sallinger,esallingergd@businessweek.com,897-876-6475,Male,62 Marcy Terrace,Catia La Mar,Venezuela
591,Jasmine,Dudderidge,jdudderidgege@engadget.com,740-808-9656,Female,629 Donald Circle,Néa Pélla,Greece
592,Tull,McElree,tmcelreegf@youtu.be,200-345-3324,Male,32699 Cardinal Pass,Madaoua,Niger
593,Keir,Fleeman,kfleemangg@biglobe.ne.jp,397-401-8291,Male,55 8th Terrace,Kufa,Iraq
594,Hobie,Petrolli,hpetrolligh@mozilla.org,817-682-9391,Male,42 Sutherland Crossing,Isakly,Russia
595,Kinnie,Reuben,kreubengi@ihg.com,766-295-6730,Male,70896 Shasta Parkway,Cartí Suitupo,Panama
596,Jeralee,Clemintoni,jclemintonigj@hatena.ne.jp,655-644-2270,Female,62367 Eastwood Drive,Guangshan,China
597,Layney,Skotcher,lskotchergk@blog.com,867-807-7323,Female,027 Fairview Circle,Khvastovichi,Russia
598,Coralyn,Briton,cbritongl@netlog.com,287-507-0505,Female,0 Troy Road,Bilüü,Mongolia
599,Kial,Garretson,kgarretsongm@biglobe.ne.jp,247-790-8930,Female,61961 Barnett Road,Medalem,Indonesia
600,Natassia,Lewry,nlewrygn@bravesites.com,996-659-5917,Female,7 Browning Center,Reims,France
601,Rodrick,Pietruschka,rpietruschkago@timesonline.co.uk,938-771-0508,Male,6977 Valley Edge Lane,Krajanpagowan,Indonesia
602,Blakelee,Serris,bserrisgp@ted.com,290-115-1648,Female,398 Cascade Place,Lokea,Indonesia
603,Harley,Genty,hgentygq@amazonaws.com,460-188-3945,Female,60 Melby Way,Altuf’yevskiy,Russia
604,Amby,Burlay,aburlaygr@ezinearticles.com,676-331-5106,Male,5 Melby Terrace,Aleksandrovac,Serbia
605,Lancelot,Biskupski,lbiskupskigs@yahoo.co.jp,151-348-0617,Male,0188 Forster Parkway,Blon’,Belarus
606,Symon,Follen,sfollengt@barnesandnoble.com,296-633-2730,Male,554 Scott Avenue,Baturaden,Indonesia
607,Zedekiah,Wildin,zwildingu@themeforest.net,374-204-0498,Male,26754 Eagle Crest Parkway,Quito,Ecuador
608,Artemas,Odell,aodellgv@odnoklassniki.ru,686-971-9507,Male,1 Macpherson Trail,Köping,Sweden
609,Brittani,Pitrelli,bpitrelligw@canalblog.com,720-284-8391,Female,50 Holmberg Center,Amassoma,Nigeria
610,Town,Charlson,tcharlsongx@arizona.edu,542-269-8318,Male,66455 Scoville Trail,Yanxi,China
611,Deeyn,Boni,dbonigy@php.net,991-469-2755,Female,048 Rockefeller Plaza,Všestary,Czech Republic
612,Romonda,Gidney,rgidneygz@comcast.net,184-372-5599,Female,70 Evergreen Road,Zhangjiawan,China
613,Annissa,Gilham,agilhamh0@whitehouse.gov,349-352-5814,Female,11 Corscot Trail,Zhangjiaji,China
614,Ulick,Stoves,ustovesh1@joomla.org,101-170-5938,Male,54 Old Shore Circle,Xiheshan,China
615,Dody,Jorn,djornh2@4shared.com,786-963-0403,Female,61797 Hansons Lane,Horizonte,Brazil
616,Orsa,Clausson,oclaussonh3@howstuffworks.com,667-216-2012,Female,595 Tomscot Avenue,Itaguaçu,Brazil
617,Lorelei,Honsch,lhonschh4@house.gov,672-472-2073,Female,101 Hauk Parkway,Kramfors,Sweden
618,Kippy,Grigg,kgriggh5@unicef.org,688-157-0208,Female,722 Roth Pass,Tugulym,Russia
619,Kingsly,Piperley,kpiperleyh6@webeden.co.uk,499-805-1386,Male,666 Artisan Center,Kozhevnikovo,Russia
620,Patton,Coltart,pcoltarth7@cyberchimps.com,629-147-1098,Male,7529 8th Way,Isla,Philippines
621,Krishnah,Frances,kfrancesh8@patch.com,770-602-2895,Male,993 Truax Avenue,Taranovskoye,Kazakhstan
622,Chrysa,Stocking,cstockingh9@altervista.org,774-724-2695,Female,4876 Sunbrook Court,Keetmanshoop,Namibia
623,Maire,Yoselevitch,myoselevitchha@imgur.com,236-909-6123,Female,7 Thompson Point,Quetta,Pakistan
624,Vinny,Cannop,vcannophb@army.mil,106-427-6215,Female,0 Golf Drive,Neiva,Colombia
625,Vail,Kilgannon,vkilgannonhc@mapy.cz,214-613-6439,Male,9011 Stang Crossing,Ruoqiang,China
626,Karim,Alpine,kalpinehd@senate.gov,456-866-4872,Male,670 Jenifer Avenue,Pasirlimus,Indonesia
627,Davina,Cajkler,dcajklerhe@washingtonpost.com,337-259-5046,Female,20 Stuart Alley,General Martín Miguel de Güemes,Argentina
628,Stephine,Huonic,shuonichf@sciencedirect.com,105-515-5145,Female,56 Miller Lane,Semeljci,Croatia
629,Milly,O'Dooghaine,modooghainehg@wikipedia.org,151-189-1667,Female,310 Fallview Trail,Chama,Zambia
630,Bud,Moodie,bmoodiehh@networksolutions.com,432-284-1638,Male,0 Village Court,Midland,United States
631,Portie,Frays,pfrayshi@nymag.com,153-524-9282,Male,7 Rusk Center,Custóias,Portugal
632,Nanine,Pursey,npurseyhj@wix.com,237-468-4944,Female,68487 Fallview Pass,Bromma,Sweden
633,Garth,Meneux,gmeneuxhk@reddit.com,449-957-1994,Male,8780 International Avenue,Bicos,Philippines
634,Christie,Boynes,cboyneshl@xinhuanet.com,639-163-8075,Female,7 Bartillon Center,Saint-Bruno-de-Guigues,Canada
635,Gregoire,Fray,gfrayhm@diigo.com,619-333-4181,Male,258 Cambridge Way,Mimbaan Timur,Indonesia
636,Lissa,Durrant,ldurranthn@desdev.cn,402-292-7772,Female,40 Maple Wood Plaza,Omaha,United States
637,Fanechka,Levine,flevineho@nymag.com,849-169-9335,Female,470 American Center,Staraya Stanitsa,Russia
638,Andrej,Brierton,abriertonhp@cafepress.com,269-182-2996,Male,3828 Dovetail Plaza,Ludu,China
639,Leanor,Dulton,ldultonhq@goo.gl,795-798-4698,Female,9893 Valley Edge Parkway,Batuan,China
640,Orran,Clackers,oclackershr@cbc.ca,632-847-9469,Male,532 Orin Road,Nihaona,Indonesia
641,Gabriel,Ramplee,grampleehs@hugedomains.com,327-766-4046,Female,76351 Kennedy Lane,Fanzeres,Portugal
642,Sal,Bertomier,sbertomierht@bloomberg.com,814-595-6678,Male,2686 Sullivan Circle,Hamhŭng,North Korea
643,Kayla,Auld,kauldhu@csmonitor.com,477-862-9892,Female,443 Graceland Parkway,Saint-Étienne-du-Rouvray,France
644,Yorgo,Daspar,ydasparhv@newyorker.com,697-512-8137,Male,738 Vidon Alley,Novoalekseyevskaya,Russia
645,Codi,Geeve,cgeevehw@livejournal.com,671-345-9282,Female,70781 Melody Alley,Amiens,France
646,Koressa,Janusz,kjanuszhx@soup.io,305-608-2969,Female,591 Mesta Pass,Norrtälje,Sweden
647,Merle,Griston,mgristonhy@miitbeian.gov.cn,988-284-2054,Male,443 Oakridge Pass,Goya,Argentina
648,Marianna,Gennings,mgenningshz@scientificamerican.com,354-256-2792,Female,91714 North Junction,Star’,Russia
649,Tab,Dragge,tdraggei0@addthis.com,919-446-3701,Male,731 Riverside Point,Villa Carlos Paz,Argentina
650,Wrennie,Verecker,wvereckeri1@yandex.ru,126-474-6412,Female,5 Southridge Alley,Jaciara,Brazil
651,Gunilla,McReedy,gmcreedyi2@foxnews.com,701-748-8303,Female,73630 Transport Terrace,Nariño,Colombia
652,Melamie,Pietrowicz,mpietrowiczi3@purevolume.com,880-476-9285,Female,940 Cherokee Pass,Pingdi,China
653,Tony,Jurasek,tjuraseki4@reverbnation.com,591-580-4867,Male,6572 Melby Hill,Tân Châu,Vietnam
654,Steward,Alfonsini,salfonsinii5@kickstarter.com,587-345-9354,Male,3286 Forster Junction,Pai do Vento,Portugal
655,Maribel,Rannigan,mrannigani6@blogspot.com,137-264-5301,Female,2 Blaine Junction,Keli,China
656,Dimitry,Reid,dreidi7@reverbnation.com,411-321-2721,Male,39316 Sutteridge Circle,Suicheng,China
657,Ilsa,Illsley,iillsleyi8@seattletimes.com,502-197-5309,Female,6 Gale Drive,Mouhijärvi,Finland
658,Currey,Krammer,ckrammeri9@boston.com,437-335-2285,Male,17 Cody Court,Tessaoua,Niger
659,Harvey,Cayley,hcayleyia@wikispaces.com,197-854-4131,Male,668 Rowland Pass,Inazawa,Japan
660,Bonnee,Lavens,blavensib@zdnet.com,418-347-7601,Female,3800 Monica Drive,Canggetelo,Indonesia
661,Estell,Maiden,emaidenic@sfgate.com,997-233-0926,Female,36081 Sauthoff Center,Bantal,Indonesia
662,Brit,Coiley,bcoileyid@ucsd.edu,899-600-7756,Male,533 Southridge Parkway,Xiyuan,China
663,Allianora,MacDaid,amacdaidie@reddit.com,730-817-6540,Female,181 Elgar Drive,Anak,North Korea
664,Mariska,Hounihan,mhounihanif@princeton.edu,590-786-3987,Female,9 Beilfuss Junction,Huilong,China
665,Lisette,Sydney,lsydneyig@360.cn,421-167-4135,Female,0 Talisman Avenue,Huainan,China
666,Gabrielle,Plomer,gplomerih@latimes.com,965-178-1547,Female,37 Cascade Drive,Yunshan,China
667,Tammi,Francino,tfrancinoii@latimes.com,959-968-7475,Female,6013 Chinook Parkway,Limín Khersonísou,Greece
668,Shirlene,Leddie,sleddieij@soundcloud.com,925-178-8454,Female,7340 Petterle Park,Tambaú,Brazil
669,Julianna,Borth,jborthik@bloomberg.com,676-914-7353,Female,174 Barby Center,Miao’ertan,China
670,Verne,Lawlan,vlawlanil@plala.or.jp,339-996-2981,Male,25088 Nevada Parkway,Atabayan,Philippines
671,Rab,Bolesworth,rbolesworthim@princeton.edu,128-729-9749,Male,6817 Graceland Park,Kota Kinabalu,Malaysia
672,Steffie,Youell,syouellin@miibeian.gov.cn,591-387-1726,Female,36692 Forest Pass,Puerta de Corral Quemado,Argentina
673,Farra,Vannini,fvanniniio@spotify.com,531-707-6413,Female,8 Weeping Birch Junction,Vasyl'evsky Ostrov,Russia
674,Janot,Coltman,jcoltmanip@sakura.ne.jp,462-808-6445,Female,96848 Manley Road,Lianhe,China
675,Erika,Bradlaugh,ebradlaughiq@canalblog.com,788-993-7664,Female,4255 Cherokee Park,Kampene,Democratic Republic of the Congo
676,Dare,Clayworth,dclayworthir@archive.org,381-261-4780,Male,06469 Montana Street,Novaya Usman’,Russia
677,Bessy,Brabender,bbrabenderis@washingtonpost.com,805-616-8057,Female,1 Oriole Way,Ljubešćica,Croatia
678,Gawain,Sedgemond,gsedgemondit@wufoo.com,465-298-7980,Male,11 Fisk Hill,Manchioneal,Jamaica
679,Wash,Meysham,wmeyshamiu@livejournal.com,507-893-9400,Male,1 Utah Center,Yongjiang,China
680,Sharla,Odegaard,sodegaardiv@spotify.com,223-492-0858,Female,3 Almo Plaza,Mawu,China
681,Letisha,Humbey,lhumbeyiw@npr.org,478-779-7271,Female,56 Schmedeman Junction,Tabia,Morocco
682,Micky,Croan,mcroanix@ihg.com,148-191-4624,Female,46 Arizona Pass,Ila Orangun,Nigeria
683,Lesley,Roches,lrochesiy@fotki.com,689-218-8980,Male,24 Northridge Alley,Ruo,Micronesia
684,York,Brellin,ybrelliniz@ucsd.edu,339-243-8273,Male,405 Fisk Park,Tamanar,Morocco
685,Winfred,Wiz,wwizj0@miibeian.gov.cn,482-685-1947,Male,730 South Hill,Cuozhou,China
686,Mufi,Proschek,mproschekj1@answers.com,951-214-1024,Female,07 New Castle Street,Corona,United States
687,Regan,McDougal,rmcdougalj2@redcross.org,835-624-4930,Female,16 Calypso Court,Qijiang,China
688,Allis,Bowfin,abowfinj3@mayoclinic.com,317-471-4106,Female,42 Talmadge Parkway,Chantilly,France
689,Domenico,Ailmer,dailmerj4@ox.ac.uk,227-888-9670,Male,2 Farmco Point,Murygino,Russia
690,Madelin,Carvell,mcarvellj5@fotki.com,109-368-4817,Female,8650 Homewood Pass,Szczurowa,Poland
691,Brad,Kingsnode,bkingsnodej6@craigslist.org,202-947-8873,Male,758 East Parkway,Washington,United States
692,Bette,Leathlay,bleathlayj7@drupal.org,431-929-4938,Female,52 Blue Bill Park Hill,Qiaoxi,China
693,Meryl,Manicomb,mmanicombj8@sfgate.com,160-563-7955,Female,620 Oriole Park,São João,Portugal
694,Fionna,Foxwell,ffoxwellj9@rediff.com,497-938-7136,Female,16682 Towne Plaza,Qidu,China
695,Karlis,Drife,kdrifeja@amazon.com,750-447-3497,Male,151 Sunbrook Junction,Paço,Portugal
696,Gabbie,Burgin,gburginjb@state.gov,322-890-9870,Male,185 Butterfield Lane,Châu Thành,Vietnam
697,Aguie,Paolozzi,apaolozzijc@zdnet.com,586-255-9887,Male,281 Canary Plaza,Chengnan,China
698,Faun,Stawell,fstawelljd@google.de,911-534-2284,Female,6118 Ridgeway Trail,Kariya,Japan
699,Lonnie,Halloran,lhalloranje@usgs.gov,359-620-4755,Female,984 John Wall Junction,Agbani,Nigeria
700,Aprilette,Arthey,aartheyjf@umich.edu,431-404-3677,Female,998 Grim Terrace,Sungai Iyu,Indonesia
701,Delores,Reuble,dreublejg@harvard.edu,897-542-7328,Female,3935 Fallview Park,Alexandria,Jamaica
702,Neel,Macrae,nmacraejh@cocolog-nifty.com,208-402-2829,Male,8 Northwestern Point,Fresno,Colombia
703,Yorgos,Jenton,yjentonji@cloudflare.com,506-850-5737,Male,067 Quincy Trail,Bauta,Cuba
704,Brant,Flanaghan,bflanaghanjj@disqus.com,808-482-2297,Male,644 Muir Junction,Železnice,Czech Republic
705,Oates,Dymidowski,odymidowskijk@wikispaces.com,261-366-2605,Male,29 Meadow Ridge Circle,Kotingnatagete,Indonesia
706,Ilyse,Ragbourne,iragbournejl@stanford.edu,380-780-4208,Female,7 Havey Trail,Puerto Boyacá,Colombia
707,Caleb,Paffett,cpaffettjm@yolasite.com,906-500-6873,Male,8 School Crossing,Santarém,Portugal
708,Karel,Petrol,kpetroljn@storify.com,587-529-9304,Male,37372 Brentwood Pass,Eišiškės,Lithuania
709,Danella,Ingilson,dingilsonjo@bigcartel.com,349-378-9241,Female,54 Southridge Plaza,Babakan Baru,Indonesia
710,Shepard,Brims,sbrimsjp@google.cn,695-853-5711,Male,9616 Bowman Center,Hluhluwe,South Africa
711,Wallache,Haggas,whaggasjq@cyberchimps.com,377-549-6205,Male,7063 La Follette Pass,Pančevo,Serbia
712,Flossy,Boles,fbolesjr@comcast.net,511-852-3122,Female,10 Johnson Crossing,Ilandža,Serbia
713,Hugo,O'Crigane,hocriganejs@hud.gov,323-793-9917,Male,633 Barnett Drive,Loukhi,Russia
714,Eveleen,Fairlie,efairliejt@biglobe.ne.jp,665-652-2561,Female,1704 Rockefeller Parkway,Ålesund,Norway
715,Davie,Aubri,daubriju@blogger.com,114-438-4966,Male,2 Evergreen Way,Kičevo,Macedonia
716,Juliette,Atwater,jatwaterjv@tuttocitta.it,154-966-7401,Female,26864 Union Drive,Beichan,China
717,Papagena,Pancost,ppancostjw@earthlink.net,232-704-8620,Female,03 Katie Terrace,Bilo,Indonesia
718,Ermanno,Glanton,eglantonjx@businesswire.com,560-591-7951,Male,85541 Walton Trail,Ta‘izz,Yemen
719,Elaina,Voelker,evoelkerjy@skyrock.com,425-719-5780,Female,659 Fordem Lane,Mogzon,Russia
720,Rudolfo,Crallan,rcrallanjz@wikimedia.org,353-618-5448,Male,575 Badeau Lane,Tawaran,Indonesia
721,Dougie,Towlson,dtowlsonk0@unicef.org,941-381-5712,Male,836 Kim Hill,Bradenton,United States
722,Erin,Mouatt,emouattk1@accuweather.com,602-909-8110,Male,56418 North Terrace,Sidirókastro,Greece
723,Cass,Bransgrove,cbransgrovek2@hexun.com,306-946-2752,Male,14 Thompson Terrace,Bohutín,Czech Republic
724,Ailbert,Dany,adanyk3@nymag.com,957-644-7580,Male,5 Sycamore Plaza,Montor Timur,Indonesia
725,Nevsa,Pheasey,npheaseyk4@bluehost.com,403-426-2050,Female,88208 Petterle Drive,Dongsheng,China
726,Mahmud,Longfield,mlongfieldk5@telegraph.co.uk,824-364-5334,Male,81 Loftsgordon Way,Bungereng,Indonesia
727,Bertrand,Destouche,bdestouchek6@hostgator.com,431-651-6559,Male,5454 Dwight Pass,Otan Aiyegbaju,Nigeria
728,Orville,Gladtbach,ogladtbachk7@disqus.com,664-523-4874,Male,74348 Barby Way,Ruma,Serbia
729,Shelley,Trevett,strevettk8@scribd.com,641-438-4201,Male,29 Bultman Trail,Lac-Mégantic,Canada
730,Gabey,McGreil,gmcgreilk9@infoseek.co.jp,862-932-0518,Female,24165 Autumn Leaf Drive,Paterson,United States
731,Clark,Vittet,cvittetka@reverbnation.com,613-521-2483,Male,548 Chinook Parkway,Marulanda,Colombia
732,Valina,Beales,vbealeskb@hibu.com,931-594-8203,Female,296 Mcbride Alley,Novoul’yanovsk,Russia
733,Lindon,Saill,lsaillkc@engadget.com,846-513-0468,Male,47945 Kipling Center,Stockholm,Sweden
734,Shawn,Beedham,sbeedhamkd@yelp.com,352-662-1006,Male,13388 Esker Park,Bayt Līd,Palestinian Territory
735,Merrel,Dey,mdeyke@hostgator.com,841-786-0157,Male,03 Red Cloud Circle,Rusocice,Poland
736,Orton,Ussher,oussherkf@jugem.jp,838-527-7394,Male,3314 Pine View Avenue,Muang Xay,Laos
737,Cart,Brumpton,cbrumptonkg@go.com,865-945-9278,Male,00007 Aberg Avenue,Dongshan,China
738,Kristal,Bragg,kbraggkh@time.com,253-942-8630,Female,15554 1st Avenue,Bonpland,Argentina
739,Patrice,Jowling,pjowlingki@i2i.jp,614-852-2903,Female,902 Melvin Trail,Youkaichi,Japan
740,Haskell,Mathon,hmathonkj@about.com,351-973-7016,Male,3039 Kings Place,Kuantan,Malaysia
741,Culley,Pennazzi,cpennazzikk@cdbaby.com,759-852-0179,Male,0 Grim Lane,Villa Gesell,Argentina
742,Clemmie,Mousley,cmousleykl@about.me,911-887-3454,Female,4520 David Point,Quba,Azerbaijan
743,Inglebert,Ellyatt,iellyattkm@ihg.com,410-205-5074,Male,0223 Mcbride Trail,Përmet,Albania
744,Zita,McFarland,zmcfarlandkn@wisc.edu,783-605-5712,Female,71 Crowley Street,Chavarría,Argentina
745,Freda,Corselles,fcorsellesko@washingtonpost.com,529-166-6180,Female,9 Mallard Circle,Candelária,Brazil
746,Rolfe,Feronet,rferonetkp@goo.ne.jp,803-776-1347,Male,0 Nelson Center,Cabak Satu,Indonesia
747,Sapphire,Gocher,sgocherkq@walmart.com,649-447-5212,Female,83 Shoshone Place,Santa Cruz,Portugal
748,Gwyn,Waudby,gwaudbykr@skype.com,132-484-4528,Female,8 Mcbride Center,Trnovlje pri Celju,Slovenia
749,Michael,Stowers,mstowersks@ocn.ne.jp,596-203-9236,Male,42788 Katie Avenue,Połajewo,Poland
750,Leah,Donativo,ldonativokt@skype.com,634-731-5272,Female,8084 Haas Road,Santo Estêvão,Brazil
751,Ricky,Turbat,rturbatku@icq.com,505-429-8368,Female,04264 School Street,Qingliu,China
752,Dixie,McClaurie,dmcclauriekv@constantcontact.com,380-532-7333,Female,0 Waxwing Plaza,Doña Remedios Trinidad,Philippines
753,Merle,Fetherstone,mfetherstonekw@fastcompany.com,340-458-3612,Male,21418 Hoepker Court,Guararapes,Brazil
754,Templeton,Kynder,tkynderkx@uol.com.br,122-307-3449,Male,223 Bunting Crossing,Nanqiu,China
755,Saul,Gregson,sgregsonky@redcross.org,561-628-8992,Male,4887 Laurel Parkway,Padangtikar,Indonesia
756,Randie,McGillacoell,rmcgillacoellkz@webmd.com,791-218-6928,Male,0 Straubel Lane,Nangalimang,Indonesia
757,Cammie,Enever,ceneverl0@dmoz.org,192-157-4062,Female,3767 Alpine Crossing,Shangma,China
758,Bern,Gollin,bgollinl1@yolasite.com,167-536-3027,Male,8 Nelson Way,Čeladná,Czech Republic
759,Galven,Mance,gmancel2@parallels.com,635-827-6003,Male,5 Hallows Pass,Lárdos,Greece
760,Julie,McGeady,jmcgeadyl3@statcounter.com,544-425-9405,Female,0 Daystar Street,Guatire,Venezuela
761,Raine,Deveril,rdeverill4@lycos.com,863-258-4478,Female,2760 Rowland Way,Wates,Indonesia
762,Dniren,Trewartha,dtrewarthal5@illinois.edu,231-873-2212,Female,05766 Kings Alley,Lidköping,Sweden
763,Anjanette,Phipp,aphippl6@cnbc.com,649-633-4754,Female,3 Lake View Pass,Luziânia,Brazil
764,Torre,Thomsson,tthomssonl7@gov.uk,432-629-3832,Male,84397 Northland Avenue,Tuapse,Russia
765,Danielle,Birks,dbirksl8@taobao.com,272-594-2936,Female,55 Karstens Pass,Banjar Buahan,Indonesia
766,Giorgia,Judd,gjuddl9@bing.com,116-810-1762,Female,453 Sundown Junction,Yujia,China
767,Den,Bourges,dbourgesla@tinypic.com,112-252-4880,Male,3 Fieldstone Hill,Le Lamentin,Martinique
768,Josepha,Davidovsky,jdavidovskylb@nydailynews.com,118-747-5920,Female,99760 Arkansas Street,Shimonoseki,Japan
769,Elysia,Wadmore,ewadmorelc@github.io,509-343-5539,Female,61358 Clarendon Park,Arboleda,Colombia
770,Cyrillus,Bonafant,cbonafantld@harvard.edu,829-736-4786,Male,3423 Cardinal Junction,Bordeaux,France
771,Amelie,Pevsner,apevsnerle@51.la,233-377-2798,Female,52704 Elmside Point,Nakuru,Kenya
772,Marlee,Tetther,mtettherlf@ezinearticles.com,549-938-3311,Female,74785 Declaration Trail,Vërtop,Albania
773,Jeffry,Kaiser,jkaiserlg@prnewswire.com,316-885-6361,Male,6 Basil Pass,Wichita,United States
774,Gisele,Dudhill,gdudhilllh@purevolume.com,804-934-8670,Female,5 Mesta Park,Kohāt,Pakistan
775,Muffin,Marishenko,mmarishenkoli@hugedomains.com,981-310-5071,Female,2 School Lane,Qiuchuan,China
776,Lezlie,Guynemer,lguynemerlj@spotify.com,322-794-5014,Female,3092 Northland Hill,Yuntan,China
777,Lydon,Wolverson,lwolversonlk@fema.gov,725-719-2810,Male,7 Trailsway Way,Zakupne,Ukraine
778,Lilli,Jeremiah,ljeremiahll@wikispaces.com,549-656-0440,Female,1604 Express Park,Dongbian,China
779,Bria,Harriagn,bharriagnlm@psu.edu,228-638-4221,Female,3529 Weeping Birch Point,Mitrovicë,Kosovo
780,Tobie,Charleston,tcharlestonln@mysql.com,834-664-8305,Male,653 Steensland Alley,Jimusa’er,China
781,Chancey,Peverell,cpeverelllo@google.it,643-208-2779,Male,411 Truax Point,San Andres,Philippines
782,Rozalin,Gabby,rgabbylp@fotki.com,835-147-0617,Female,58438 Summer Ridge Park,Phaya Thai,Thailand
783,Beck,Barsam,bbarsamlq@xinhuanet.com,579-310-1771,Male,65255 Kings Way,Kampong Chhnang,Cambodia
784,Caria,Shercliff,csherclifflr@indiatimes.com,600-600-1499,Female,0 Valley Edge Court,Kankara,Nigeria
785,Kerr,Lyman,klymanls@springer.com,215-575-6640,Male,83587 Springs Alley,Ujiie,Japan
786,Rustin,Sictornes,rsictorneslt@go.com,659-520-7818,Male,73322 Bowman Plaza,Sindangsari,Indonesia
787,Tierney,Brewood,tbrewoodlu@privacy.gov.au,213-540-9847,Female,6 Waxwing Lane,Luba,Equatorial Guinea
788,Brnaby,Forbes,bforbeslv@yellowbook.com,907-775-8459,Male,9479 Ludington Avenue,Fairbanks,United States
789,Paulo,McCarly,pmccarlylw@meetup.com,417-523-7573,Male,47261 Sommers Lane,Khu Khan,Thailand
790,Claiborne,Kepp,ckepplx@psu.edu,297-861-5057,Male,9776 Coolidge Hill,Skomielna Czarna,Poland
791,Henri,Sketchley,hsketchleyly@sfgate.com,196-366-4499,Male,064 Bunker Hill Park,Kashiwazaki,Japan
792,Karna,Biasini,kbiasinilz@skype.com,902-904-7396,Female,78854 Scott Street,Jendouba,Tunisia
793,Haily,Jansey,hjanseym0@histats.com,160-823-6180,Male,55 Kipling Trail,Corrego Grande,Brazil
794,Emmalyn,Barthropp,ebarthroppm1@merriam-webster.com,696-294-7545,Female,51897 Hanson Way,Zhen’an,China
795,Tracey,Prestwich,tprestwichm2@amazon.com,832-967-8911,Male,7 Nobel Lane,Sarata,Ukraine
796,Lucien,Pawley,lpawleym3@nymag.com,305-789-5111,Male,1 Caliangt Avenue,Miami,United States
797,Aile,Oliphant,aoliphantm4@posterous.com,970-309-7725,Female,23 Pond Park,Hällefors,Sweden
798,Cherye,Lowdyane,clowdyanem5@google.es,482-520-5729,Female,18 Petterle Terrace,Błaszki,Poland
799,Gannon,Keniwell,gkeniwellm6@whitehouse.gov,951-330-8992,Male,529 Blackbird Park,Pengbu,China
800,Darda,Hrachovec,dhrachovecm7@wisc.edu,816-423-4384,Female,141 American Avenue,Tutem,Indonesia
801,Julie,Topling,jtoplingm8@tinypic.com,148-421-4043,Female,3385 Rowland Way,Khōst,Afghanistan
802,Zarla,Maynell,zmaynellm9@twitter.com,272-747-5810,Female,0 Utah Hill,Bucu Lor,Indonesia
803,Iggy,Settle,isettlema@goodreads.com,170-274-3204,Male,4264 Acker Road,Manacsac,Philippines
804,Cathi,Enston,censtonmb@facebook.com,504-131-2203,Female,11 Pierstorff Drive,Jönköping,Sweden
805,Madelaine,Olekhov,molekhovmc@addtoany.com,660-556-5704,Female,859 Loftsgordon Park,Chongwen,China
806,Ringo,Alcott,ralcottmd@irs.gov,732-332-7473,Male,48307 Atwood Street,Bilice,Croatia
807,Randy,Coggon,rcoggonme@bing.com,899-950-5023,Male,8356 Eastlawn Place,Bidyā,Palestinian Territory
808,Tudor,Alelsandrowicz,talelsandrowiczmf@alibaba.com,960-651-2741,Male,90 Sachtjen Road,Kisanga,Tanzania
809,Johna,Castel,jcastelmg@adobe.com,382-387-7629,Female,286 Twin Pines Crossing,Castelo,Portugal
810,Reggy,Wyley,rwyleymh@mozilla.com,988-348-2359,Male,0 Hanover Lane,Yamparáez,Bolivia
811,Eleonora,Cleft,ecleftmi@ameblo.jp,837-955-0853,Female,2464 Mockingbird Trail,Obispos,Venezuela
812,Curran,Barkus,cbarkusmj@state.tx.us,875-564-3303,Male,19919 Gulseth Street,Předklášteří,Czech Republic
813,Atalanta,Haquin,ahaquinmk@boston.com,687-305-9249,Female,25 5th Center,Curahpacul Satu,Indonesia
814,Jeannette,Hawkes,jhawkesml@uol.com.br,758-939-5673,Female,21864 Dawn Street,Cupira,Brazil
815,Daniele,MacGlory,dmacglorymm@bloglovin.com,503-887-6854,Female,436 Meadow Valley Plaza,Sambonggede,Indonesia
816,Fay,Revelle,frevellemn@1688.com,332-839-6079,Female,1 Delaware Lane,Spassk,Russia
817,Silvan,Rycraft,srycraftmo@webmd.com,197-555-0194,Male,23 Green Plaza,Hengdaohezi,China
818,Valerie,Rogeron,vrogeronmp@economist.com,130-808-0628,Female,7 Judy Drive,Yushang,China
819,Marie-ann,Brittle,mbrittlemq@arizona.edu,773-191-3729,Female,1048 Rockefeller Alley,Győr,Hungary
820,Brett,Reynalds,breynaldsmr@harvard.edu,560-502-6487,Female,22382 Calypso Road,Al Qiţena,Sudan
821,Libbi,Rebanks,lrebanksms@who.int,720-540-4865,Female,99 Moland Street,Yizhivtsi,Ukraine
822,Merrili,Gamlyn,mgamlynmt@newyorker.com,561-280-3904,Female,1546 Holmberg Plaza,Dadong,China
823,Ruthie,Lowell,rlowellmu@eventbrite.com,616-393-3054,Female,506 Westridge Alley,Saladas,Argentina
824,Ossie,Lippiett,olippiettmv@sciencedirect.com,821-749-2531,Male,970 Lunder Court,Podsineye,Russia
825,Eugenio,Molloy,emolloymw@abc.net.au,601-717-3238,Male,428 Golf View Trail,Marxog,China
826,Candy,Halpine,chalpinemx@surveymonkey.com,543-295-3547,Female,6947 Pepper Wood Plaza,Futian,China
827,Yasmin,Alenshev,yalenshevmy@state.tx.us,580-168-5678,Female,033 Forest Dale Court,Lyubar,Ukraine
828,Chiquia,MacSkeagan,cmacskeaganmz@dedecms.com,618-884-3718,Female,02 Arapahoe Lane,Thulamahashi,South Africa
829,Shaine,Hiner,shinern0@ted.com,437-928-0482,Female,49 Granby Plaza,Beizhakou,China
830,Farleigh,Dentith,fdentithn1@fastcompany.com,712-297-3738,Male,87 Ludington Avenue,Yanshang,China
831,Antoine,Lamort,alamortn2@chron.com,676-175-4587,Male,56519 Melody Circle,Bosanski Šamac,Bosnia and Herzegovina
832,Estele,Paschek,epaschekn3@google.cn,592-930-3316,Female,6026 Hanover Park,Tây Hồ,Vietnam
833,Fredrika,Carslake,fcarslaken4@cam.ac.uk,775-538-0985,Female,73407 Truax Parkway,Osieczany,Poland
834,Marquita,Canon,mcanonn5@dropbox.com,185-473-3707,Female,59465 Oneill Junction,São Pedro Gafanhoeira,Portugal
835,Felisha,Heading,fheadingn6@51.la,482-538-3875,Female,0 Lawn Plaza,Masaran,Indonesia
836,Huey,Wilcockes,hwilcockesn7@phoca.cz,993-940-3995,Male,4 Granby Center,Bošovice,Czech Republic
837,Gordie,Tesh,gteshn8@netvibes.com,332-997-9336,Male,20 Starling Circle,Kutacane,Indonesia
838,Dallis,Dachey,ddacheyn9@pbs.org,839-833-2407,Male,11 Debs Way,Kashiwa,Japan
839,Moira,Spry,mspryna@photobucket.com,559-670-6431,Female,397 Springs Avenue,Ārān Bīdgol,Iran
840,Elihu,Weatherby,eweatherbynb@freewebs.com,489-236-6817,Male,6088 Elgar Circle,Al Ḩayfah,Yemen
841,Kasper,Ratray,kratraync@independent.co.uk,173-948-6841,Male,875 Bunting Circle,Huabeitun,China
842,Anneliese,Treeby,atreebynd@npr.org,507-526-3257,Female,3290 Cardinal Hill,Cicheng,China
843,Inglis,Pigney,ipigneyne@ucoz.com,950-458-4194,Male,3 Dixon Plaza,Fujiayan,China
844,Sheena,Ribbon,sribbonnf@angelfire.com,240-927-3938,Female,4398 Anthes Drive,Wesoła,Poland
845,Kaia,Mattersley,kmattersleyng@about.me,377-267-1181,Female,8 Waxwing Drive,Hidalgo,Mexico
846,Audy,Munehay,amunehaynh@bing.com,305-525-5925,Female,417 Nobel Drive,Cabrobó,Brazil
847,Faber,Brodhead,fbrodheadni@delicious.com,325-438-0131,Male,11 Hermina Point,Hengxizhen,China
848,Vladimir,Szymon,vszymonnj@smh.com.au,348-414-4626,Male,04 Sheridan Place,San Lorenzo,Argentina
849,Haroun,Downs,hdownsnk@networksolutions.com,139-513-7516,Male,3 Bashford Street,Quanyang,China
850,Jemmie,Illiston,jillistonnl@webnode.com,528-845-7392,Female,17618 Warner Plaza,Esperanza,Argentina
851,Poppy,Saffill,psaffillnm@cpanel.net,600-876-9453,Female,8147 Bashford Place,La Joya,Mexico
852,Orton,Kneesha,okneeshann@latimes.com,569-465-3614,Male,35509 Gerald Center,Villa Florida,Paraguay
853,Xylia,Hauxwell,xhauxwellno@blogs.com,985-962-9688,Female,060 Straubel Road,Chebba,Tunisia
854,Joye,Drabble,jdrabblenp@buzzfeed.com,210-599-6716,Female,4644 Becker Plaza,Lantian,China
855,Roanna,Canland,rcanlandnq@godaddy.com,230-915-6209,Female,8 Onsgard Drive,Pervomays’ke,Ukraine
856,Rakel,Ruggieri,rruggierinr@washingtonpost.com,666-503-9455,Female,5910 Clyde Gallagher Point,Star’,Russia
857,Jocelin,Jessen,jjessenns@npr.org,945-131-2041,Female,8047 Mifflin Center,La Mesa,Colombia
858,Krissy,Ladlow,kladlownt@moonfruit.com,604-951-8739,Female,695 Kenwood Road,Banyuresmi,Indonesia
859,Taddeo,Vallender,tvallendernu@jimdo.com,850-717-7671,Male,22843 Stuart Terrace,Lae,Marshall Islands
860,Antoinette,Tayloe,atayloenv@earthlink.net,669-792-9850,Female,235 Sloan Plaza,Krajan Satu,Indonesia
861,Myrta,Longley,mlongleynw@feedburner.com,369-843-4673,Female,869 Pawling Plaza,Gurlan,Uzbekistan
862,Gretchen,Lenthall,glenthallnx@army.mil,225-595-7956,Female,3899 Chive Hill,Tanjung,Indonesia
863,Willdon,Todarello,wtodarellony@ftc.gov,640-376-6626,Male,68 Stang Center,Saitama,Japan
864,Lockwood,Reap,lreapnz@edublogs.org,576-666-9142,Male,15489 Warner Avenue,Górki Wielkie,Poland
865,Dorolisa,Deschlein,ddeschleino0@hhs.gov,523-385-1132,Female,65 Badeau Park,Göteborg,Sweden
866,Skipper,Obell,sobello1@blogspot.com,820-203-3216,Male,7 Bartillon Point,Banquero,Philippines
867,Kerstin,Grutchfield,kgrutchfieldo2@cpanel.net,185-601-9505,Female,0511 Mesta Way,Somanda,Tanzania
868,Kippar,Shatford,kshatfordo3@google.co.uk,302-188-6725,Male,2 Coleman Hill,Foumbouni,Comoros
869,Meriel,Jelley,mjelleyo4@cisco.com,951-586-0284,Female,3 Transport Lane,Parfino,Russia
870,Corrina,Ghidini,cghidinio5@tamu.edu,510-183-8223,Female,71 Chinook Road,Xiabao,China
871,Allx,Pfeffel,apfeffelo6@woothemes.com,261-926-2385,Female,651 Mariners Cove Street,Phong Điền,Vietnam
872,Mabelle,Formigli,mformiglio7@ning.com,682-667-8980,Female,40 Onsgard Place,Ituiutaba,Brazil
873,Doroteya,Dwane,ddwaneo8@posterous.com,116-813-1951,Female,52 Toban Park,Texistepeque,El Salvador
874,Dave,Schwieso,dschwiesoo9@google.fr,872-683-1335,Male,95104 John Wall Avenue,Uvira,Democratic Republic of the Congo
875,Rhetta,Meysham,rmeyshamoa@t.co,818-121-0987,Female,94 Tony Road,Walce,Poland
876,Sandye,Garbott,sgarbottob@t-online.de,201-396-8344,Female,5186 Stoughton Terrace,Vaasa,Finland
877,Gratia,Perche,gpercheoc@vimeo.com,756-737-1072,Female,4 Summerview Place,Boxholm,Sweden
878,Flem,Portwaine,fportwaineod@un.org,271-373-2432,Male,7 Forest Run Park,Catanduva,Brazil
879,Bartholomew,Pike,bpikeoe@tuttocitta.it,452-485-6078,Male,75 Lindbergh Junction,Juatuba,Brazil
880,Joly,Kupec,jkupecof@tripod.com,228-886-9597,Female,0072 Summerview Court,Didian,China
881,Jessee,Ather,jatherog@bluehost.com,312-352-3578,Male,36499 Mallard Terrace,Verkhniy Avzyan,Russia
882,Roma,Dannel,rdanneloh@nyu.edu,368-554-8728,Male,9 Trailsway Terrace,Pakis,Indonesia
883,Abigael,Yakovlev,ayakovlevoi@fda.gov,499-875-5380,Female,03 Vermont Way,Cabo,Brazil
884,Galina,Painter,gpainteroj@mapquest.com,445-468-6470,Female,03578 Glendale Avenue,Budapest,Hungary
885,Tobit,Richie,trichieok@dagondesign.com,805-329-2695,Male,542 Vera Point,Aknoul,Morocco
886,Salvatore,Lamball,slamballol@comsenz.com,852-638-5831,Male,63 Buell Plaza,Masiga,Philippines
887,Warde,Shadrack,wshadrackom@angelfire.com,555-766-7855,Male,31978 Garrison Junction,Narol,Poland
888,Benoit,Pelz,bpelzon@ocn.ne.jp,575-504-2327,Male,696 Claremont Court,Tangguhang,Indonesia
889,Claudina,Woolforde,cwoolfordeoo@vk.com,527-715-6847,Female,517 Mosinee Trail,Rostokino,Russia
890,Monika,Brownhall,mbrownhallop@flavors.me,732-952-4946,Female,45819 Clove Park,Mirebalais,Haiti
891,Arliene,Earpe,aearpeoq@hp.com,738-139-7616,Female,27370 Hanson Alley,Krasnyy Lyman,Ukraine
892,Sasha,Kepling,skeplingor@nature.com,274-913-4702,Female,2769 Waywood Circle,Pundong,Indonesia
893,Tera,Mandel,tmandelos@technorati.com,668-808-4363,Female,98 John Wall Street,Songgui,China
894,Morly,Stollen,mstollenot@mysql.com,810-582-7631,Male,58469 Holy Cross Trail,Sapotskin,Belarus
895,Bethena,Ales,balesou@multiply.com,520-871-3745,Female,1 Milwaukee Point,Kayasula,Russia
896,Hubey,I'anson,hiansonov@dion.ne.jp,610-416-6328,Male,35 Michigan Junction,Bonriki Village,Kiribati
897,Shirley,Adan,sadanow@nasa.gov,411-416-8970,Female,0764 Monterey Way,Cajamarca,Peru
898,La verne,Whittington,lwhittingtonox@virginia.edu,318-831-9214,Female,36 Warrior Lane,Matiguás,Nicaragua
899,Adelle,Ambroz,aambrozoy@slashdot.org,192-945-5618,Female,215 Maple Wood Terrace,Kista,Sweden
900,Kessiah,Longstreeth,klongstreethoz@hhs.gov,580-805-4318,Female,57479 Graceland Way,Tessalit,Mali
901,Jozef,Veljes,jveljesp0@utexas.edu,946-197-0883,Male,68 Randy Plaza,Woodford Hill,Dominica
902,Colman,Kanzler,ckanzlerp1@is.gd,357-592-5577,Male,35024 Dahle Crossing,Mlanggeng,Indonesia
903,Elspeth,Stringfellow,estringfellowp2@stanford.edu,285-839-0051,Female,0713 Westend Terrace,Wanquan,China
904,Nerte,Booth-Jarvis,nboothjarvisp3@furl.net,587-973-6960,Female,7 Evergreen Circle,Cortiços,Portugal
905,Derril,Coulthard,dcoulthardp4@globo.com,806-409-7547,Male,84834 Orin Junction,Sacotes,Portugal
906,Vivianne,Caswall,vcaswallp5@ehow.com,674-273-4022,Female,73 Bluestem Center,Tepusteca,Honduras
907,Broderick,Brockington,bbrockingtonp6@bizjournals.com,395-112-7834,Male,4 Briar Crest Hill,Hegeng,China
908,Archie,Oneal,aonealp7@abc.net.au,836-762-2324,Male,71 Badeau Trail,Cuozheqiangma,China
909,Duncan,Woller,dwollerp8@indiatimes.com,427-986-3201,Male,42113 Saint Paul Terrace,Arras,France
910,Pearline,Bartleman,pbartlemanp9@noaa.gov,369-248-4313,Female,036 Cottonwood Hill,Inđija,Serbia
911,Edgard,Hamshar,ehamsharpa@telegraph.co.uk,661-841-7275,Male,75 Morrow Road,London,United Kingdom
912,Morgen,Budik,mbudikpb@indiatimes.com,395-126-3466,Male,16214 Merrick Park,São Martinho,Portugal
913,Poppy,Kerley,pkerleypc@utexas.edu,897-158-8758,Female,94360 Namekagon Court,Non Sang,Thailand
914,Lia,MacMurray,lmacmurraypd@360.cn,511-496-9679,Female,59 Bonner Terrace,Mahaplag,Philippines
915,Tyne,Padson,tpadsonpe@bluehost.com,556-931-9332,Female,87611 Sunbrook Lane,Talodi,Sudan
916,Aidan,Gertz,agertzpf@fastcompany.com,371-973-5447,Female,219 Colorado Parkway,Okazaki,Japan
917,Owen,Cordeau],ocordeaupg@pagesperso-orange.fr,904-833-6702,Male,75579 Hoepker Lane,Jacksonville,United States
918,Cybil,Cawley,ccawleyph@psu.edu,368-149-6627,Female,47326 Granby Center,Talisay,Philippines
919,Raddie,Wrate,rwratepi@ehow.com,247-903-0895,Male,78286 Mendota Parkway,Gēdo,Ethiopia
920,Mallissa,Swiffin,mswiffinpj@geocities.com,582-275-1269,Female,12695 Sommers Street,Ñuñoa,Peru
921,Claudius,Gabala,cgabalapk@shutterfly.com,461-748-5192,Male,1541 Porter Circle,Nikel’,Russia
922,Gonzalo,Wickins,gwickinspl@wufoo.com,831-217-1936,Male,22 New Castle Circle,Bosanski Novi,Bosnia and Herzegovina
923,Ricca,Rubbert,rrubbertpm@ezinearticles.com,121-449-3850,Female,073 Old Shore Crossing,Lucé,France
924,Joscelin,Scough,jscoughpn@imgur.com,403-614-0167,Female,8547 Del Sol Way,Baixi,China
925,Thane,Chichgar,tchichgarpo@slideshare.net,596-351-0850,Male,705 Lake View Court,Cineumbeuy,Indonesia
926,Liz,Lawther,llawtherpp@friendfeed.com,691-420-5322,Female,7 Kinsman Drive,Huangsha,China
927,Shirline,Olivier,solivierpq@google.nl,200-581-5462,Female,595 Acker Way,Cruz del Eje,Argentina
928,Cilka,McKinnell,cmckinnellpr@arstechnica.com,101-977-5263,Female,6792 Commercial Pass,Dragomer,Slovenia
929,Alyse,Worgen,aworgenps@umn.edu,431-858-6358,Female,64 Drewry Point,Mino,Japan
930,Mady,MacAughtrie,mmacaughtriept@amazonaws.com,677-129-8886,Female,3857 Lotheville Point,Mont-Laurier,Canada
931,Averill,Rosoni,arosonipu@blogs.com,960-417-0768,Male,369 Old Gate Terrace,Gudang,Indonesia
932,Gina,Kilshaw,gkilshawpv@nifty.com,952-975-2292,Female,37 Fallview Parkway,Nunutba,Indonesia
933,Sherry,Leather,sleatherpw@slate.com,543-632-3774,Female,578 Everett Pass,Santa Fe,Philippines
934,Sebastian,Kemet,skemetpx@unicef.org,636-685-8842,Male,43235 Lillian Lane,Quibdó,Colombia
935,Almeda,Genge,agengepy@123-reg.co.uk,163-790-9855,Female,5 Transport Place,Kristiansund N,Norway
936,Bette-ann,Oxx,boxxpz@hibu.com,855-959-9295,Female,790 Bultman Alley,Sidem,Indonesia
937,Horst,Ganning,hganningq0@google.fr,571-827-7188,Male,268 Hoard Crossing,Orillia,Canada
938,Oralee,Volette,ovoletteq1@unesco.org,755-867-3053,Female,15005 Judy Terrace,La Soledad,Mexico
939,Carlo,Keith,ckeithq2@abc.net.au,510-286-8473,Male,303 Menomonie Hill,Buenaventura,Colombia
940,Loreen,Delacroix,ldelacroixq3@newyorker.com,252-383-3860,Female,2317 Bultman Center,Rasshevatskaya,Russia
941,Ariella,Dibner,adibnerq4@twitter.com,223-850-2333,Female,74 Emmet Junction,Limbo,Philippines
942,Renae,Riddler,rriddlerq5@berkeley.edu,232-365-5581,Female,5563 Mallard Terrace,Lugang,China
943,Tandy,Wickersham,twickershamq6@mlb.com,650-764-2207,Female,19 Hanson Plaza,Zemio,Central African Republic
944,Terri-jo,Mouth,tmouthq7@imageshack.us,966-996-3585,Female,00 Crownhardt Way,Pagsanahan Norte,Philippines
945,Paulie,Bosworth,pbosworthq8@gmpg.org,948-493-6575,Female,42 Dexter Crossing,Ardabīl,Iran
946,Idaline,Patterfield,ipatterfieldq9@yale.edu,896-239-2160,Female,0435 Barby Center,Ivry-sur-Seine,France
947,Alfie,Colpus,acolpusqa@symantec.com,277-394-2446,Female,6412 Fuller Avenue,Celeirós,Portugal
948,Coleen,Snaden,csnadenqb@ehow.com,938-135-8533,Female,2 Sommers Circle,Gaoping,China
949,Kevina,Iston,kistonqc@omniture.com,416-632-7245,Female,0 Clyde Gallagher Hill,Aiguo,China
950,Denyse,Merrgan,dmerrganqd@example.com,332-448-1293,Female,6 Clarendon Junction,Sung Noen,Thailand
951,Jobyna,MacDuffie,jmacduffieqe@wordpress.com,970-646-9866,Female,61 Superior Center,Loma Bonita,Mexico
952,Charis,Hambrook,chambrookqf@go.com,855-826-0639,Female,17 Corben Plaza,Cilegong,Indonesia
953,Denni,Hoxey,dhoxeyqg@pinterest.com,635-632-7809,Female,06 Laurel Trail,Petropavlovsk,Kazakhstan
954,Timothy,Sallans,tsallansqh@linkedin.com,262-770-0553,Male,405 Sycamore Pass,Voloshka,Russia
955,Libbie,Ingle,lingleqi@youtube.com,826-575-7529,Female,50437 Charing Cross Point,Sanjwāl,Pakistan
956,Daryn,Arderne,darderneqj@ezinearticles.com,729-423-4695,Female,469 Beilfuss Hill,Valparaíso,Chile
957,Rab,Woolam,rwoolamqk@prlog.org,393-748-6761,Male,39076 Waubesa Crossing,Korçë,Albania
958,Shamus,Dominicacci,sdominicacciql@google.ca,891-848-6060,Male,499 Westridge Parkway,Mauponggo,Indonesia
959,Marlon,Jarrett,mjarrettqm@china.com.cn,813-343-6585,Male,79 Carey Alley,Turt,Mongolia
960,Karine,Wolstencroft,kwolstencroftqn@ox.ac.uk,621-610-2963,Female,6 Springs Terrace,Carice,Haiti
961,Olenolin,Tolmie,otolmieqo@smugmug.com,938-984-8843,Male,0852 Manufacturers Lane,Kluki,Poland
962,Gillian,Dewar,gdewarqp@twitpic.com,217-697-9997,Female,5 Thierer Court,Springfield,United States
963,Spence,Lawerence,slawerenceqq@bloglovin.com,799-638-2792,Male,71360 Donald Drive,Antopal’,Belarus
964,Auberon,Fenix,afenixqr@naver.com,761-112-8639,Male,099 Michigan Place,Leigu,China
965,Lindon,Hacker,lhackerqs@jigsy.com,834-574-4806,Male,76 Burning Wood Circle,Canha,Portugal
966,Josiah,Sharple,jsharpleqt@tumblr.com,673-734-3601,Male,239 Armistice Crossing,Tamansari,Indonesia
967,Patsy,Steedman,psteedmanqu@nps.gov,289-687-2463,Male,866 Muir Terrace,Wuping,China
968,Karoly,Beacom,kbeacomqv@google.it,337-765-4625,Female,331 Sunbrook Point,Sulkava,Finland
969,Ernst,Blaasch,eblaaschqw@yahoo.co.jp,210-450-5214,Male,9 Eliot Place,San Antonio,United States
970,Hildegaard,Dearell,hdearellqx@github.io,615-260-8999,Female,8919 Maple Crossing,Tabunok,Philippines
971,Durante,Graver,dgraverqy@blogs.com,552-202-7605,Male,6857 Shoshone Place,Sainte-Adèle,Canada
972,Bonnibelle,Seawright,bseawrightqz@unc.edu,604-703-0380,Female,7209 Hudson Circle,Sidokumpul,Indonesia
973,Lois,Loughnan,lloughnanr0@yolasite.com,211-655-1910,Female,9929 Sullivan Avenue,Toulouse,France
974,Sib,Gilkes,sgilkesr1@uiuc.edu,963-641-1734,Female,473 Bunker Hill Circle,Erjia,China
975,Hillary,Loughan,hloughanr2@icio.us,245-307-4732,Female,2 Cherokee Place,Chabany,Ukraine
976,Billy,Lucia,bluciar3@booking.com,462-389-1575,Male,9125 Holy Cross Circle,Jiufeng,China
977,Maisie,Pavy,mpavyr4@wp.com,176-992-3480,Female,7899 Mcguire Street,Curvelo,Brazil
978,Joseito,Eyam,jeyamr5@g.co,951-800-1791,Male,88 Banding Crossing,Pamedaran,Indonesia
979,Ruperta,Bendle,rbendler6@archive.org,688-812-0623,Female,0 Mockingbird Court,Cabedelo,Brazil
980,Aksel,Kuhnt,akuhntr7@cmu.edu,941-579-9569,Male,049 Ridge Oak Trail,Wołczyn,Poland
981,Elvyn,Oylett,eoylettr8@artisteer.com,881-984-0860,Male,8852 Express Hill,Jincheng,China
982,Cordelie,Phettis,cphettisr9@shutterfly.com,446-190-4111,Female,99 Hanson Way,As Sayyānī,Yemen
983,Morly,Fieldsend,mfieldsendra@noaa.gov,920-572-1735,Male,6937 Nancy Road,Midlands,Mauritius
984,Ric,Dowrey,rdowreyrb@vkontakte.ru,982-172-1436,Male,1436 Huxley Pass,Dongjin,China
985,Diego,Baden,dbadenrc@pbs.org,494-645-8526,Male,7820 Comanche Alley,Farroupilha,Brazil
986,Dyanna,MacAndie,dmacandierd@sbwire.com,707-972-4476,Female,6780 Toban Plaza,Amangarh,Pakistan
987,Katha,Mackley,kmackleyre@livejournal.com,763-183-0338,Female,8551 Hollow Ridge Place,Vouani,Comoros
988,Falito,McLugaish,fmclugaishrf@cdc.gov,512-828-7791,Male,4833 Milwaukee Drive,Timeng,China
989,Hattie,McCreath,hmccreathrg@adobe.com,407-932-0567,Female,5598 Pierstorff Trail,Salta,Argentina
990,Jacinta,Inwood,jinwoodrh@webmd.com,929-274-0238,Female,66 Dennis Court,Banān,Syria
991,Sauveur,Patty,spattyri@spotify.com,954-652-0667,Male,2068 Forest Dale Lane,Dos Quebradas,Colombia
992,Zacherie,Arnatt,zarnattrj@godaddy.com,495-584-3842,Male,07364 Scofield Circle,Gwaram,Nigeria
993,Ebeneser,Fernez,efernezrk@123-reg.co.uk,268-111-8808,Male,1 Cordelia Center,Huité,Guatemala
994,Hastings,Woollacott,hwoollacottrl@ifeng.com,291-573-1581,Male,360 Iowa Circle,Krasnodon,Ukraine
995,Arin,Fidelli,afidellirm@histats.com,961-776-4098,Male,864 Brentwood Place,Jiujie,China
996,Filberte,Slight,fslightrn@stanford.edu,471-267-1591,Male,36501 Ryan Road,Bungu,Tanzania
997,Jourdan,Applegate,japplegatero@skyrock.com,940-645-9824,Female,9 Holmberg Circle,Gora,Nigeria
998,Cherey,Nyssen,cnyssenrp@amazon.com,662-409-1409,Female,8 Riverside Terrace,Xinlong,China
999,Madel,Cargo,mcargorq@tripadvisor.com,431-435-9558,Female,805 Heffernan Parkway,Zacatecoluca,El Salvador
1000,Opaline,Strothers,ostrothersrr@geocities.com,789-306-4050,Female,3799 Bonner Center,Papeete,French Polynesia
